,res_titles,content
1,推动全球发展的新时代,新华社北京6月24日电构建高质量伙伴关系 共创全球发展新时代</strong>——在全球发展高层对话会上的讲话</strong>（2022年6月24日）中华人民共和国主席 习近平各位同事：发展是人类社会的永恒主题。上世纪60年代末，我在中国黄土高原的一个小村庄当农民，切身体会到了百姓的稼穑之难和衣食之苦，他们对美好生活的渴望深深印在我的脑海里。半个世纪后，我重访故地，看到乡亲们吃穿不愁，衣食无忧，脸上洋溢着幸福的笑容。中国古人说：“仓廪实而知礼节，衣食足而知荣辱。”这些年，我走遍中国城镇乡村，也访问过不少国家。我深深感受到，只有不断发展，才能实现人民对生活安康、社会安宁的梦想。长期以来，广大发展中国家为探索符合自身国情的发展道路、实现经济社会发展作出了不懈努力，取得令人瞩目的成果。新兴市场国家和发展中国家经济已占全球半壁江山，在科技、教育、社会、文化等领域也取得长足发展。当前，新冠肺炎疫情吞噬全球多年发展成果，联合国2030年可持续发展议程落实进程受阻，南北鸿沟继续拉大，粮食、能源安全出现危机。有的国家将发展议题政治化、边缘化，搞“小院高墙”和极限制裁，人为制造分裂和对抗。同时，各国人民求和平、谋发展、促合作的愿望更加强烈，新兴市场国家和发展中国家团结自强的意志更加坚定，新一轮科技革命和产业变革给各国带来的机遇更加广阔。这是一个充满挑战的时代，也是一个充满希望的时代。我们要认清世界发展大势，坚定信心，起而行之，拧成一股绳，铆足一股劲，推动全球发展，共创普惠平衡、协调包容、合作共赢、共同繁荣的发展格局。第一，我们要共同凝聚促进发展的国际共识。只有各国人民都过上好日子，繁荣才能持久，安全才有保障，人权才有基础。我们要把发展置于国际议程中心位置，落实联合国2030年可持续发展议程，打造人人重视发展、各国共谋合作的政治共识。第二，我们要共同营造有利于发展的国际环境。保护主义是作茧自缚，搞“小圈子”只会孤立自己，极限制裁损人害己，脱钩断供行不通、走不远。我们要真心实意谋发展、齐心协力促发展，建设开放型世界经济，构建更加公正合理的全球治理体系和制度环境。第三，我们要共同培育全球发展新动能。创新是发展的第一动力。我们要推进科技和制度创新，加快技术转移和知识分享，推动现代产业发展，弥合数字鸿沟，加快低碳转型，推动实现更加强劲、绿色、健康的全球发展。第四，我们要共同构建全球发展伙伴关系。合作才能办成大事，办成好事，办成长久之事。发达国家要履行义务，发展中国家要深化合作，南北双方要相向而行，共建团结、平等、均衡、普惠的全球发展伙伴关系，不让任何一个国家、任何一个人掉队。要支持联合国在全球发展合作中发挥统筹协调作用，鼓励工商界、社会团体、媒体智库参与全球发展合作。各位同事！中国一直是发展中国家大家庭一员。我去年在联合国大会提出全球发展倡议，我们将采取务实举措，继续支持联合国2030年可持续发展议程。——中国将加大对全球发展合作的资源投入，把南南合作援助基金整合升级为“全球发展和南南合作基金”，并在30亿美元基础上增资10亿美元；将加大对中国－联合国和平与发展基金的投入，支持开展全球发展倡议合作。——中国将同各方携手推进重点领域合作，动员发展资源，深化全球减贫脱贫合作，提升粮食生产和供应能力，推进清洁能源伙伴关系；加强疫苗创新研发和联合生产；促进陆地与海洋生态保护和可持续利用；提高全民数字素养和技能，加快工业化转型升级，推动数字时代互联互通，为各国发展注入新动力。——中国将搭建国际发展知识经验交流平台，成立全球发展促进中心，建立全球发展知识网络，开展治国理政经验交流，促进互学互鉴；举办世界青年发展论坛，共同发起全球青年发展行动计划，为落实联合国2030年可持续发展议程汇聚最广泛力量。“心合意同，谋无不成。”让我们坚定信心，朝着构建高质量伙伴关系的正确方向携手奋进，共创繁荣发展新时代！谢谢大家。
2,共同开启金砖合作新征程,新华社北京6月23日电构建高质量伙伴关系 开启金砖合作新征程——在金砖国家领导人第十四次会晤上的讲话</strong>（2022年6月23日）中华人民共和国主席 习近平各位同事：当前，世界百年未有之大变局正在加速演进，新冠肺炎疫情仍在蔓延，人类社会面临前所未有的挑战，世界发展进入新的动荡变革期。中国人讲“烈火见真金”。16年来，面对惊涛骇浪、风吹雨打，金砖这艘大船乘风破浪、勇毅前行，走出了一条相互砥砺、合作共赢的人间正道。站在历史的十字路口，我们既要回望来时路，牢记金砖国家为什么出发；又要一起向未来，携手构建更加全面、紧密、务实、包容的高质量伙伴关系，共同开启金砖合作新征程。第一，我们要坚持和衷共济，维护世界和平与安宁。放眼全球，冷战思维和强权政治阴霾不散，传统和非传统安全威胁层出不穷。一些国家力图扩大军事同盟谋求绝对安全，胁迫别国选边站队制造阵营对抗，漠视别国权益大搞唯我独尊。如果任由这种危险势头发展下去，世界会更加动荡不安。金砖国家应该在涉及彼此核心利益问题上相互支持，践行真正的多边主义，维护公道、反对霸道，维护公平、反对霸凌，维护团结、反对分裂。今年，我们举行了外长会晤、安全事务高级代表会议，深化反恐、网络安全等领域合作，加强在联合国等多边框架内协调，在国际舞台上为正义发声。前不久，我提出全球安全倡议，倡导坚持共同、综合、合作、可持续的安全观，立足人类是不可分割的安全共同体，走出一条对话而不对抗、结伴而不结盟、共赢而非零和的新型安全之路。中方愿同金砖伙伴一道，推动倡议落地见效，为世界注入稳定性和正能量。第二，我们要坚持合作发展，共同应对风险和挑战。新冠肺炎疫情和乌克兰危机影响交织叠加，导致全球产业链供应链紊乱、大宗商品价格持续上涨、国际货币金融体系更加脆弱，为各国发展蒙上阴影，新兴市场国家和发展中国家首当其冲。危机会带来失序，也会催生变革，关键取决于如何应对。今年以来，我们发起金砖国家加强供应链合作倡议、贸易投资与可持续发展倡议，通过了海关合作与行政互助协定、粮食安全合作战略，首次举办应对气候变化高级别会议。金砖国家应该充分利用这些新平台，促进产业链供应链互联互通，共同应对减贫、农业、能源、物流等领域挑战。要支持新开发银行做大做强，稳步吸收新成员，同时推动完善应急储备安排机制，筑牢金融安全网和防火墙。要拓展金砖国家跨境支付、信用评级合作，提升贸易、投融资便利化水平。去年，我提出全球发展倡议，旨在推动联合国2030年可持续发展议程再出发，推动构建全球发展共同体。中方愿同金砖伙伴一道，推动倡议走深走实，助力实现更加强劲、绿色、健康的全球发展。第三，我们要坚持开拓创新，激发合作潜能和活力。谁能把握大数据、人工智能等新经济发展机遇，谁就把准了时代脉搏。企图通过搞科技垄断、封锁、壁垒，干扰别国创新发展，维护自身霸权地位，注定行不通。我们要推动完善全球科技治理，让科技成果为更多人所及所享。今年，我们加快金砖国家新工业革命伙伴关系厦门创新基地建设，举办工业互联网与数字制造发展论坛、可持续发展大数据论坛，达成数字经济伙伴关系框架，发布制造业数字化转型合作倡议，建立技术转移中心网络、航天合作机制，为五国加强产业政策对接开辟了新航路。我们着眼数字时代人才需要，建立职业教育联盟，开展职业技能大赛、女性创新大赛，为加强创新创业合作打造人才库。第四，我们要坚持开放包容，凝聚集体智慧和力量。金砖国家不是封闭的俱乐部，也不是排外的“小圈子”，而是守望相助的大家庭、合作共赢的好伙伴。在2017年厦门会晤上，我提出了“金砖+”合作理念。5年来，“金砖+”模式不断深化拓展，成为新兴市场国家和发展中国家开展南南合作、实现联合自强的典范。新形势下，金砖国家更要敞开大门谋发展、张开怀抱促合作。今年，我们首次邀请嘉宾国出席金砖国家外长会晤。新成立的金砖国家疫苗研发中心明确开放性原则。本着循序渐进原则，我们还在科技创新、人文交流、可持续发展等领域开展了丰富多彩的“金砖+”活动，为广大新兴市场国家和发展中国家搭建了新的合作平台。近年来，不少国家提出希望加入金砖合作机制。引入新鲜血液，将为金砖合作带来新活力，也将提升金砖国家代表性和影响力。今年，我们在不同场合就扩员问题进行了深入讨论，应该推进这一进程，让志同道合的伙伴们早日加入金砖大家庭。各位同事！作为新兴市场国家和发展中国家代表，我们在历史发展关键当口作出正确选择，采取负责任行动，对世界至关重要。让我们团结一心，凝聚力量，勇毅前行，推动构建人类命运共同体，共同开创人类美好未来！谢谢大家。
3,坚定不移走中国人权发展道路,坚定不移走中国人权发展道路</strong>更好推动我国人权事业发展※</strong>习近平</span>今天，中央政治局进行第三十七次集体学习，内容是中国人权发展道路。安排这次学习，目的是总结新时代我国人权理论和实践发展的成就，分析国际人权领域斗争形势，坚定不移走中国人权发展道路，更好推动我国人权事业发展。呵护人的生命、价值、尊严，实现人人享有人权，是人类社会的共同追求。中华文化历来强调对人的尊重和关怀，孔子的“古之为政，爱人为大”，孟子的“为天下得人者谓之仁”，荀子的“人最为天下贵”，墨子的“兼相爱”，都强调人的自身价值。古人还说：“万物之中，以人为贵。”“济大事者，必以人为本。”“理天下者，以人为本。”在西方资产阶级革命时期，启蒙思想家提出“天赋人权”等观点，强调人人生而平等，有不可剥夺的权利，推动了英国、美国、法国等国的资产阶级革命。马克思、恩格斯对资产阶级人权理论的历史进步意义给予肯定，同时也对其否定人权的社会性、历史性、阶级性进行了彻底批判。马克思指出，“个体是社会存在物”，“权利决不能超出社会的经济结构以及由经济结构制约的社会的文化发展”。马克思、恩格斯强调，在资本主义社会里，“人已经不再是人的奴隶，而变成了物的奴隶”；“代替那存在着阶级和阶级对立的资产阶级旧社会的，将是这样一个联合体，在那里，每个人的自由发展是一切人的自由发展的条件”。尊重和保障人权是中国共产党人的不懈追求。我们党自成立之日起就高举起“争民主、争人权”的旗帜，鲜明宣示了救国救民、争取人权的主张。党的百年奋斗史，贯穿着党团结带领人民为争取人权、尊重人权、保障人权、发展人权而进行的不懈努力。在新民主主义革命时期、社会主义革命和建设时期、改革开放和社会主义现代化建设新时期，我们党都牢牢把握为中国人民谋幸福、为中华民族谋复兴的初心使命，领导人民取得了革命、建设、改革的伟大胜利，中国人民成为国家、社会和自己命运的主人，中国人民的生存权、发展权和其他各项基本权利保障不断向前推进。党的十八大以来，我们坚持把尊重和保障人权作为治国理政的一项重要工作，推动我国人权事业取得历史性成就。我们实现了第一个百年奋斗目标，全面建成小康社会，历史性地解决了绝对贫困问题，为我国人权事业发展打下了更为坚实的物质基础。我们不断发展全过程人民民主，推进人权法治保障，坚决维护社会公平正义，人民享有更加广泛、更加充分、更加全面的民主权利。我们推动实现更加充分、更高质量的就业，建成了世界上规模最大的教育体系、社会保障体系、医疗卫生体系，大力改善人民生活环境质量。我们坚持人民至上、生命至上，有力应对新冠肺炎疫情，最大限度保护了人民生命安全和身体健康。我们全面贯彻党的民族政策和宗教政策，坚持各民族一律平等，尊重群众宗教信仰，保障各族群众合法权益。我们深入推进司法体制改革，加强平安中国、法治中国建设，深入开展政法队伍教育整顿，全面开展扫黑除恶专项斗争，严厉打击各类违法犯罪，保持社会长期稳定，切实保护人民群众生命财产安全。我国是世界上唯一持续制定和实施四期国家人权行动计划的主要大国。我们积极参与全球人权治理，为世界人权事业发展作出了中国贡献、提供了中国方案。在推进我国人权事业发展的实践中，我们把马克思主义人权观同中国具体实际相结合、同中华优秀传统文化相结合，总结我们党团结带领人民尊重和保障人权的成功经验，借鉴人类优秀文明成果，走出了一条顺应时代潮流、适合本国国情的人权发展道路。这条道路有以下主要特征。一是坚持中国共产党领导。</strong>全心全意为人民服务是我们党的根本宗旨。中国共产党领导和我国社会主义制度，决定了我国人权事业的社会主义性质，决定了我们能够保证人民当家作主，坚持平等共享人权，坚持以系统性思维谋划人权建设，推进各类人权全面发展，不断实现好、维护好、发展好最广大人民根本利益。二是坚持尊重人民主体地位。</strong>人民性是中国人权发展道路最显著的特征。人权不是一部分人或少数人享有的特权，而是广大人民群众享有的普惠性人权。我们保障人民民主权利，充分激发广大人民群众积极性、主动性、创造性，让人民成为人权事业发展的主要参与者、促进者、受益者，切实推动人的全面发展、全体人民共同富裕取得更为明显的实质性进展。三是坚持从我国实际出发。</strong>各国人权发展道路必须根据各自国情和本国人民愿望来决定。我们把人权普遍性原则同中国实际结合起来，从我国国情和人民要求出发推动人权事业发展，确保人民依法享有广泛充分、真实具体、有效管用的人权。四是坚持以生存权、发展权为首要的基本人权。</strong>生存是享有一切人权的基础，人民幸福生活是最大的人权。我们完整、准确、全面贯彻新发展理念，坚持以人民为中心的发展思想，坚持发展为了人民、发展依靠人民、发展成果由人民共享，着力解决人民最关心最直接最现实的利益问题，着力解决发展不平衡不充分问题，努力实现更高质量、更有效率、更加公平、更可持续、更为安全的发展，在发展中使广大人民的获得感、幸福感、安全感更加充实、更有保障、更可持续。五是坚持依法保障人权。</strong>法治是人权最有效的保障。我们坚持法律面前人人平等，把尊重和保障人权贯穿立法、执法、司法、守法各个环节，加快完善体现权利公平、机会公平、规则公平的法律制度，保障公民人身权、财产权、人格权，保障公民参与民主选举、民主协商、民主决策、民主管理、民主监督等基本政治权利，保障公民经济、文化、社会、环境等各方面权利，不断提升人权法治化保障水平。六是坚持积极参与全球人权治理。</strong>发展人权是全人类共同的事业。人权保障没有最好，只有更好。各国都有权利自主选择人权发展道路，不同文明、不同国家应该相互尊重、相互包容、相互交流、相互借鉴。我们弘扬全人类共同价值，践行真正多边主义，积极参与包括人权在内的全球治理体系改革和建设，推动构建人类命运共同体。以上6条，既是中国人权发展的主要特征，又是我们在推进我国人权事业实践中取得的宝贵经验，要结合新的实践不断坚持好、发展好。民主不是装饰品，不是用来做摆设的。人权也不是装饰品，也不是用来做摆设的。近年来，一些西方国家陷入政党恶斗、政府失信、社会失序、疫情失控的困境，政治极化、贫富分化、族群对立不断加剧，种族主义、民粹主义、排外主义大行其道，人权问题日益凸显。但是，他们还打着所谓“普世人权”、“人权高于主权”等旗号，在世界上强行推广西方民主人权观念和制度，利用人权问题大肆干涉他国内政，结果导致一些国家战乱频发、社会长期动荡、人民流离失所。现在，我国开启了全面建设社会主义现代化国家、向第二个百年奋斗目标进军的新征程。我们要统筹国内国际两个大局，深刻认识做好人权工作的重要性和紧迫性，更加重视尊重和保障人权，推动我国人权事业健康发展。要重点抓好以下几方面工作。第一，促进人权事业全面发展。</strong>我说过，“实现中华民族伟大复兴中国梦的过程，本质上就是实现社会公平正义和不断推动人权事业发展的进程”。要坚持中国人权发展道路，顺应人民对高品质美好生活的期待，不断满足人民日益增长的多方面的权利需求，统筹推进经济发展、民主法治、思想文化、公平正义、社会治理、环境保护等建设，全面做好就业、收入分配、教育、社保、医疗、住房、养老、扶幼等各方面工作，在物质文明、政治文明、精神文明、社会文明、生态文明协调发展中全方位提升各项人权保障水平。第二，加强人权法治保障。</strong>当前，我国人权法治保障还存在不少短板。要深化法治领域改革，健全人权法治保障机制，实现尊重和保障人权在立法、执法、司法、守法全链条、全过程、全方位覆盖，让人民群众在每一项法律制度、每一个执法决定、每一宗司法案件中都感受到公平正义。要系统研究谋划和解决法治领域人民群众反映强烈的突出问题，依法公正对待人民群众的诉求，坚决杜绝因司法不公而造成伤害人民群众感情、损害人民群众权益的事情发生。对一切侵犯群众合法权利的行为，对一切在侵犯群众权益问题上漠然置之、不闻不问的现象，都必须依纪依法严肃查处、坚决追责。第三，弘扬正确人权观。</strong>要通过多种形式、多种渠道、多种场合广泛开展人权宣传和知识普及，在全社会营造尊重和保障人权的良好氛围。要在全体人民特别是广大青少年中开展人权知识教育，把马克思主义人权观、当代中国人权观教育纳入国民教育体系。要加强对公职人员特别是基层公务人员，如公安、法院、检察、民政、社保、卫健、税务、市场监管等部门人员的人权知识培训。要发挥群团组织优势，促进妇女儿童、老年人、残疾人等特定群体权益更有保障。要依托我国人权事业发展的生动实践，提炼原创性概念，发展我国人权学科体系、学术体系、话语体系。要加强人权智库和人权研究基地建设，着力培养一批理论扎实、学术精湛、熟悉国际规则、会讲中国人权故事的高端人权专家。第四，积极推动全球人权治理。</strong>“德之所在，天下归之”，“义之所在，天下赴之”。我们要弘扬全人类共同价值，坚持平等互信、包容互鉴、合作共赢、共同发展的理念，推动全球人权治理朝着更加公平、公正、合理、包容的方向发展。要积极参与联合国人权事务，广泛同各国特别是发展中国家开展国际人权交流合作，发挥建设性作用。要充分发挥中国人权研究会、中国人权发展基金会等的作用，增强对联合国等多边人权机构的影响力。第五，积极开展国际人权斗争。</strong>人权是历史的、具体的、现实的，不能脱离不同国家的社会政治条件和历史文化传统空谈人权。评价一个国家是否有人权，不能以别的国家的标准来衡量，更不能搞双重标准，甚至把人权当作干涉别国内政的政治工具。要把握战略主动。要着力讲好中国人权故事，运用形象化、具体化的表达方式，增强当代中国人权观的吸引力、感染力、影响力。要最大限度凝聚国际人权共识，占据人权道义制高点。要指导海外中国企业增强人权意识和自信，有效应对一些西方国家策划的人权滥诉。各级党委（党组）要担负起推动我国人权事业发展的历史责任，加强组织领导，主动担当作为，切实把国家人权行动计划落实好。各级干部特别是领导干部要自觉学习马克思主义人权观、当代中国人权观，提高认识，增强自信，主动做好尊重和保障人权各项工作。各地区各部门各行业要增强尊重和保障人权意识，形成推动我国人权事业发展的合力。※这是习近平总书记2022年2月25日在十九届中央政治局第三十七次集体学习时的讲话。
4,努力建设人与自然和谐共生的现代化,努力建设人与自然和谐共生的现代化※</strong>习近平</span>今天，中央政治局进行第二十九次集体学习，内容是新形势下加强我国生态文明建设。党的十八大以来，中央政治局已经两次就生态文明建设相关题目进行集体学习，这是第三次。安排这次学习，目的是把握进入新发展阶段、贯彻新发展理念、构建新发展格局对生态文明建设提出的新任务新要求，分析我国生态文明建设面临的新形势，推动建设人与自然和谐共生的现代化。党的十八大以来，我们加强党对生态文明建设的全面领导，把生态文明建设摆在全局工作的突出位置，作出一系列重大战略部署。在“五位一体”总体布局中，生态文明建设是其中一位；在新时代坚持和发展中国特色社会主义的基本方略中，坚持人与自然和谐共生是其中一条；在新发展理念中，绿色是其中一项；在三大攻坚战中，污染防治是其中一战；在到本世纪中叶建成社会主义现代化强国目标中，美丽中国是其中一个。这充分体现了我们对生态文明建设重要性的认识，明确了生态文明建设在党和国家事业发展全局中的重要地位。我们全面加强生态文明建设，系统谋划生态文明体制改革，一体治理山水林田湖草沙，开展了一系列根本性、开创性、长远性工作，决心之大、力度之大、成效之大前所未有，生态文明建设从认识到实践都发生了历史性、转折性、全局性的变化。我先后就甘肃祁连山生态破坏、陕西秦岭北麓违建别墅、青海木里矿区非法开采等典型案例作出指示批示，有关地方和部门严肃查处和追责了一批失职渎职的人员。9年来，蓝天白云重新展现，绿色版图不断扩展，绿色经济加快发展，能耗物耗不断降低，浓烟重霾有效抑制，黑臭水体明显减少，城乡环境更加宜居，美丽中国建设迈出坚实步伐，绿水青山就是金山银山的理念成为全党全社会的共识和行动。根据美国航天局卫星数据，2000年至2017年间，全球新增绿化面积中约四分之一来自中国。我国引领全球气候变化谈判进程，积极推动《巴黎协定》的签署、生效、实施，宣布2030年前实现二氧化碳排放达到峰值、2060年前实现碳中和。我国生态文明建设取得的成就，也得到了国际社会广泛肯定。实践表明，生态环境保护和经济发展是辩证统一、相辅相成的，建设生态文明、推动绿色低碳循环发展，不仅可以满足人民日益增长的优美生态环境需要，而且可以推动实现更高质量、更有效率、更加公平、更可持续、更为安全的发展，走出一条生产发展、生活富裕、生态良好的文明发展道路。生态环境修复和改善，是一个需要付出长期艰苦努力的过程，不可能一蹴而就，必须坚持不懈、奋发有为。当前，我国生态文明建设仍然面临诸多矛盾和挑战，生态环境稳中向好的基础还不稳固，从量变到质变的拐点还没有到来，生态环境质量同人民群众对美好生活的期盼相比，同建设美丽中国的目标相比，同构建新发展格局、推动高质量发展、全面建设社会主义现代化国家的要求相比，都还有较大差距。我国产业结构调整有一个过程，传统产业所占比重依然较高，战略性新兴产业、高技术产业尚未成长为经济增长的主导力量，能源结构没有得到根本性改变，重点区域、重点行业污染问题没有得到根本解决，实现碳达峰、碳中和任务艰巨，资源环境对发展的压力越来越大。推动绿色低碳发展是国际潮流所向、大势所趋，绿色经济已经成为全球产业竞争制高点。一些西方国家对我国大打“环境牌”，多方面对我国施压，围绕生态环境问题的大国博弈十分激烈。我在党的十九届五中全会上强调，我国建设社会主义现代化具有许多重要特征，其中之一就是我国现代化是人与自然和谐共生的现代化，注重同步推进物质文明建设和生态文明建设。“十四五”时期，我国生态文明建设进入了以降碳为重点战略方向、推动减污降碳协同增效、促进经济社会发展全面绿色转型、实现生态环境质量改善由量变到质变的关键时期。要完整、准确、全面贯彻新发展理念，保持战略定力，站在人与自然和谐共生的高度来谋划经济社会发展，坚持节约资源和保护环境的基本国策，坚持节约优先、保护优先、自然恢复为主的方针，形成节约资源和保护环境的空间格局、产业结构、生产方式、生活方式，统筹污染治理、生态保护、应对气候变化，促进生态环境持续改善，努力建设人与自然和谐共生的现代化。第一，坚持不懈推动绿色低碳发展。</strong>我多次强调，生态环境问题归根到底是发展方式和生活方式问题。建立健全绿色低碳循环发展经济体系、促进经济社会发展全面绿色转型是解决我国生态环境问题的基础之策。3月15日，我主持召开中央财经委员会第九次会议，研究部署了实现碳达峰、碳中和的基本思路和重大举措。要把实现减污降碳协同增效作为促进经济社会发展全面绿色转型的总抓手，加快推动产业结构、能源结构、交通运输结构、用地结构调整。要强化国土空间规划和用途管控，落实生态保护、基本农田、城镇开发等空间管控边界，实施主体功能区战略，划定并严守生态保护红线。要抓住资源利用这个源头，推进资源总量管理、科学配置、全面节约、循环利用，全面提高资源利用效率。要抓住产业结构调整这个关键，推动战略性新兴产业、高技术产业、现代服务业加快发展，推动能源清洁低碳安全高效利用，持续降低碳排放强度。要解决好推进绿色低碳发展的科技支撑不足问题，加强碳捕集利用和封存技术、零碳工业流程再造技术等科技攻关，支持绿色低碳技术创新成果转化。要发展绿色金融，支持绿色技术创新。我多次强调，降低二氧化碳排放、应对气候变化不是别人要我们做，而是我们自己要做。实现碳达峰、碳中和是我国向世界作出的庄严承诺，也是一场广泛而深刻的经济社会变革，绝不是轻轻松松就能实现的。现在，一些部门和地方上马高耗能、高排放项目的冲动依然强烈。在今年1月举行的省部级主要领导干部学习贯彻党的十九届五中全会精神专题研讨班上，我专门强调要注意防范八个认识误区，其中一个认识误区就是借扩大内需、形成国内大市场之机，大搞高能耗、高排放的项目。有关部门和地方要严把关口，不符合要求的项目要坚决拿下来！各级党委和政府要拿出抓铁有痕、踏石留印的劲头，明确时间表、路线图、施工图，推动经济社会发展建立在资源高效利用和绿色低碳发展的基础之上。第二，深入打好污染防治攻坚战。</strong>现在，人民群众对生态环境质量的期望值更高，对生态环境问题的容忍度更低。要集中攻克老百姓身边的突出生态环境问题，让老百姓实实在在感受到生态环境质量改善。要坚持精准治污、科学治污、依法治污，保持力度、延伸深度、拓宽广度，持续打好蓝天、碧水、净土保卫战。要强化多污染物协同控制和区域协同治理，加强细颗粒物和臭氧协同控制，基本消除重污染天气。要统筹水资源、水环境、水生态治理，加强江河湖库污染防治和生态保护，建设美丽海湾，有效保护居民饮用水安全，坚决治理城市黑臭水体。要推进土壤污染防治，有效管控农用地和建设用地土壤污染风险。要实施垃圾分类和减量化、资源化，加强白色污染治理，加强危险废物医疗废物收集处理，强化重金属污染防治，重视新污染物治理。要推动污染治理向乡镇、农村延伸，强化农业面源污染治理，明显改善农村人居环境。第三，提升生态系统质量和稳定性。</strong>这既是增加优质生态产品供给的必然要求，也是减缓和适应气候变化带来不利影响的重要手段。“草木植成，国之富也。”良好生态本身蕴含着经济社会价值。要坚持系统观念，从生态系统整体性出发，推进山水林田湖草沙一体化保护和修复，更加注重综合治理、系统治理、源头治理。要加快构建以国家公园为主体的自然保护地体系，完善自然保护地、生态保护红线监管制度。要建立健全生态产品价值实现机制，让保护修复生态环境获得合理回报，让破坏生态环境付出相应代价。要科学推进荒漠化、石漠化、水土流失综合治理，开展大规模国土绿化行动。要推行草原森林河流湖泊休养生息，实施好长江十年禁渔，健全耕地休耕轮作制度。要实施生物多样性保护重大工程，强化外来物种管控，举办好《生物多样性公约》第十五次缔约方大会。第四，积极推动全球可持续发展。</strong>保护生态环境、应对气候变化，是全人类面临的共同挑战。我们要秉持人类命运共同体理念，积极参与全球环境治理，加强应对气候变化、海洋污染治理、生物多样性保护等领域国际合作，认真履行国际公约，主动承担同国情、发展阶段和能力相适应的环境治理义务，为全球提供更多公共产品，不断增强制度性权利，实现义务和权利的平衡，展现我国负责任大国形象。要发挥发展中大国的引领作用，加强南南合作以及同周边国家的合作，为发展中国家提供力所能及的资金、技术支持，帮助提高环境治理能力，共同打造绿色“一带一路”。要坚持共同但有区别的责任原则、公平原则和各自能力原则，坚定维护多边主义，有效应对一些西方国家对我国进行“规锁”的企图，坚决维护我国发展利益。第五，提高生态环境领域国家治理体系和治理能力现代化水平。</strong>要健全党委领导、政府主导、企业主体、社会组织和公众共同参与的现代环境治理体系，构建一体谋划、一体部署、一体推进、一体考核的制度机制。要深入推进生态文明体制改革，强化绿色发展法律和政策保障，健全自然资源资产产权制度和法律法规。要完善环境保护、节能减排约束性指标管理，建立健全稳定的财政资金投入机制。要全面实行排污许可制，推进排污权、用能权、用水权、碳排放权市场化交易，建立健全风险管控机制。要大力宣传绿色文明，增强全民节约意识、环保意识、生态意识，倡导简约适度、绿色低碳的生活方式，把建设美丽中国转化为全体人民自觉行动。2018年5月18日，我在全国生态环境保护大会上提出，我国生态文明建设正处于压力叠加、负重前行的关键期，已进入提供更多优质生态产品以满足人民日益增长的优美生态环境需要的攻坚期，也到了有条件有能力解决生态环境突出问题的窗口期。各级党委和政府要提高政治判断力、政治领悟力、政治执行力，心怀“国之大者”，担负起生态文明建设的政治责任，坚决做到令行禁止，确保党中央关于生态文明建设各项决策部署落地见效。※这是习近平总书记2021年4月30日在十九届中央政治局第二十九次集体学习时的讲话。
5,望海楼请为中外经贸合作牵线搭桥,新华社北京5月18日电在庆祝中国国际贸易促进委员会建会70周年大会暨全球贸易投资促进峰会上的致辞</strong>（2022年5月18日）中华人民共和国主席 习近平尊敬的各位国家元首、国际组织负责人，各位来宾，女士们，先生们，朋友们：大家好！很高兴同各位朋友“云端”相聚。首先，我谨对中国国际贸易促进委员会建会70周年，表示热烈的祝贺！对出席全球贸易投资促进峰会的各方嘉宾，表示诚挚的欢迎！对长期以来关心支持中国改革开放和现代化建设的海内外各界人士，表示衷心的感谢和美好的祝愿！中国贸促会1952年成立以来，立足中国、面向世界，为拉紧中外企业利益纽带、推动国际经贸往来、促进国家关系发展，发挥了重要作用。中国贸促会始终把服务中外企业作为立身之本，促进贸易和投资，推动制度型开放，在国际经贸仲裁、知识产权服务、商事调解等领域积极探索创新，同各国工商界加强沟通联系，为中外经贸合作牵线搭桥，积极推动经济全球化朝着更加开放、包容、普惠、平衡、共赢方向发展。中国贸促会70年的历程，是中国不断扩大对外开放的重要体现，也是各国企业共享发展机遇、实现互利共赢的重要见证。希望中国贸促会继续开拓奋进、追求卓越，织密服务企业网，扩大国际朋友圈，在推动高质量发展、构建新发展格局、推动建设开放型世界经济中再接再厉，争取更大成绩。女士们、先生们、朋友们！当前，百年变局和世纪疫情交织，经济全球化遭遇逆流，世界进入新的动荡变革期。各国工商界对和平发展的期盼更加殷切，对公平正义的呼声更加强烈，对合作共赢的追求更加迫切。我愿提出4点建议。第一，聚力战胜疫情。当前，新冠肺炎疫情反复延宕，传播速度加快，给人民生命安全和身体健康带来严重威胁，给世界经济发展带来严重影响。要坚持人民至上、生命至上，积极开展疫苗研发、生产、分配国际合作，加强全球公共卫生治理，共筑多重抗疫防线，推动建设人类卫生健康共同体。第二，重振贸易投资。要统筹疫情防控和经济发展，加强各国宏观经济政策协调，推动世界经济早日走出危机阴影。中方提出全球发展倡议，呼吁各方共同努力，全面推进联合国2030年可持续发展议程。要推动世界经济动力转换、方式转变、结构调整，使世界经济走上长期健康稳定发展轨道。要支持以世界贸易组织为核心的多边贸易体制，维护全球产业链供应链安全稳定，做大合作蛋糕，让发展成果更好惠及各国人民。第三，坚持创新驱动。要挖掘创新增长潜力，共同加强知识产权保护，在充分参与、凝聚共识的基础上制定规则，为科技发展打造开放、公平、公正、非歧视的环境。要深化创新交流合作，推动科技同经济深度融合，加强创新成果共享，努力打破制约知识、技术、人才等创新要素流动的壁垒，让创新源泉充分涌流。第四，完善全球治理。当今世界，各国前途命运紧密相连，在国际上搞“小圈子”只会把世界推向分裂和对抗。要坚持真正的多边主义，践行共商共建共享的全球治理观，动员全球资源，应对全球挑战，促进全球发展。要坚持对话而不对抗、拆墙而不筑墙、融合而不脱钩、包容而不排他，以公平正义为理念引领全球治理体系变革。我愿重申，中国扩大高水平开放的决心不会变，中国开放的大门只会越开越大。中国将持续打造市场化法治化国际化营商环境，高水平实施《区域全面经济伙伴关系协定》，推动高质量共建“一带一路”，为全球工商界提供更多市场机遇、投资机遇、增长机遇。女士们、先生们、朋友们！让我们携起手来，坚持和平、发展、合作、共赢，共同解决当前世界经济以及国际贸易和投资面临的问题，一起走向更加美好的未来！预祝大会取得圆满成功！
6,正确认识和把握我国发展重大问题,正确认识和把握我国发展重大理论和实践问题※</strong>习近平</span>进入新发展阶段，我国发展内外环境发生深刻变化，面临许多新的重大问题，需要正确认识和把握。这里，我重点讲几个问题。第一个问题：正确认识和把握实现共同富裕的战略目标和实践途径。</strong>“国之称富者，在乎丰民。”财富的创造和分配是各国都面对的重大问题。一些西方国家在社会财富不断增长的同时长期存在贫富悬殊、两极分化。有的拉美国家收入不算高，但分配差距很大。在我国社会主义制度下，既要不断解放和发展社会生产力，不断创造和积累社会财富，又要防止两极分化，切实推动人的全面发展、全体人民共同富裕取得更为明显的实质性进展。过去我们是低收入水平下的平均主义，改革开放后一部分地区、一部分人先富起来了，同时收入差距也逐步拉大，一些财富不当聚集给经济社会健康运行带来了风险挑战。共同富裕是中国特色社会主义的本质要求。共同富裕路子应当怎么走？我们正在进行探索。实现共同富裕的目标，首先要通过全国人民共同奋斗把“蛋糕”做大做好，然后通过合理的制度安排正确处理增长和分配关系，把“蛋糕”切好分好。这是一个长期的历史过程，我们要创造条件、完善制度，稳步朝着这个目标迈进。要在推动高质量发展中强化就业优先导向。就业是民生之本。要提高经济增长的就业带动力，不断促进就业量的扩大和质的提升。要支持中小微企业发展，发挥其就业主渠道作用。要吸取一些西方国家经济“脱实向虚”的教训，不断壮大实体经济，创造更多高质量就业岗位。要加大人力资本投入，提升教育质量，加强职业教育和技能培训，提高劳动者素质，更好适应高质量发展需要，切实防范规模性失业风险。要发挥分配的功能和作用。要处理好效率和公平关系，构建初次分配、再分配、三次分配协调配套的基础性制度安排。要坚持按劳分配为主体，提高劳动报酬在初次分配中的比重，完善按要素分配政策。要发挥再分配的调节作用，加大税收、社保、转移支付等的调节力度，提高精准性。要发挥好第三次分配作用，引导、支持有意愿有能力的企业和社会群体积极参与公益慈善事业，但不能搞道德绑架式“逼捐”。要完善公共服务政策制度体系。促进共同富裕，不能搞“福利主义”那一套。当年一些拉美国家搞民粹主义，高福利养了一批“懒人”和不劳而获者，结果国家财政不堪重负，落入“中等收入陷阱”，长期不能自拔。福利待遇上去了就下不来了，搞超出能力的“福利主义”是不可持续的，必然会带来严重的经济和政治问题！我们要坚持尽力而为、量力而行，重在提升公共服务水平，在教育、医疗、养老、住房等人民群众最关心的领域精准提供基本公共服务，兜住困难群众基本生活底线，不吊高胃口、不空头许诺。第二个问题：正确认识和把握资本的特性和行为规律。</strong>马克思、恩格斯没有设想社会主义条件下可以搞市场经济，当然也就无法预见社会主义国家如何对待资本。列宁、斯大林虽然领导了苏联社会主义建设，但当时苏联实行的是高度集中的计划经济体制，基本上没有遇到大规模资本问题。搞社会主义市场经济是我们党的一个伟大创造。既然是社会主义市场经济，就必然会产生各种形态的资本。资本主义社会的资本和社会主义社会的资本固然有很多不同，但资本都是要追逐利润的。“合天下之众者财，理天下之财者法。”我们要探索如何在社会主义市场经济条件下发挥资本的积极作用，同时有效控制资本的消极作用。近年来，由于认识不足、监管缺位，我国一些领域出现资本无序扩张，肆意操纵，牟取暴利。这就要求规范资本行为，趋利避害，既不让“资本大鳄”恣意妄为，又要发挥资本作为生产要素的功能。这是一个不容回避的重大政治和经济问题。实际工作中，要抓好以下几点。要为资本设置“红绿灯”。“红绿灯”适用于道路上行驶的所有交通工具，对待资本也一样，各类资本都不能横冲直撞。要防止有些资本野蛮生长。要反垄断、反暴利、反天价、反恶意炒作、反不正当竞争。要依法加强对资本的有效监管。社会主义市场经济是法治经济，资本活动要依法进行。遏制资本无序扩张，不是不要资本，而是要资本有序发展。相关法律法规不健全的要抓紧完善，已有法律法规的要严格执法监管。要支持和引导资本规范健康发展。要坚持和完善社会主义基本经济制度，毫不动摇巩固和发展公有制经济，毫不动摇鼓励、支持、引导非公有制经济发展，促进非公有制经济健康发展和非公有制经济人士健康成长。第三个问题：正确认识和把握初级产品供给保障。</strong>对我们这样一个大国来说，保障好初级产品供给是一个重大的战略性问题。必须加强战略谋划，及早作出调整，确保供给安全。要坚持节约优先。“取之有制、用之有节则裕，取之无制、用之不节则乏。”要实施全面节约战略，推进各领域节约行动。在生产领域，要推进资源全面节约、集约、循环利用，降低单位产品能耗物耗，加快制造业技术改造，提高投入产出效率。在消费领域，要增强全民节约意识，倡导简约适度、绿色低碳的生活方式，反对奢侈浪费和过度消费，深入开展“光盘”等粮食节约行动，广泛开展创建绿色机关、绿色家庭、绿色社区、绿色出行等行动。要增强国内资源生产保障能力。要加大勘查力度，实施新一轮找矿突破战略行动，提高海洋资源、矿产资源开发保护水平。要明确重要能源资源国内生产自给的战略底线，发挥国有企业支撑托底作用，加快油气等资源先进开采技术开发应用。要加强国家战略物资储备制度建设，在关键时刻发挥保底线的调节作用。要推行垃圾分类和资源化，扩大国内固体废弃物的使用，加快构建废弃物循环利用体系。要优化海外资源保障能力。要以互利共赢的方式充分利用国际国内两个市场、两种资源，在有效防范对外投资风险的前提下加强同有关国家的能源资源合作，扩大海外优质资源权益。这里，我要特别强调农产品供给安全问题。从最新的国土调查结果看，耕地面积还在减少，一些地方的基本农田不种粮食种果树，或者其他高附加值作物。我反复讲，中国人的饭碗任何时候都要牢牢端在自己手中，我们的饭碗应该主要装中国粮。要把提高农业综合生产能力放在更加突出的位置，持续推进高标准农田建设，深入实施种业振兴行动，提高农机装备水平，保障种粮农民合理收益，确保口粮绝对安全、谷物基本自给，提高油料、大豆产能和自给率。第四个问题：正确认识和把握防范化解重大风险。</strong>上世纪90年代以来，我国有效应对了亚洲金融危机、国际金融危机、新冠肺炎疫情等重大考验。现在，我国经济金融领域风险隐患很多，但总体可控。要坚持底线思维。古人说：“祸几始作，当杜其萌；疾证方形，当绝其根。”我们要发挥好党的领导和我国社会主义制度优势，见微知著，抓早抓小，着力避免发生重大风险或危机。前一阶段，我们有效处置了影子银行风险、互联网金融风险。同时，也要看到，新的风险仍在发生，“黑天鹅”、“灰犀牛”事件不断。分析这些现象，有几个重要原因。一是长期累积的结果。“三期叠加”影响还没有结束，前期风险仍要消化。二是监管能力和制度缺陷。对金融机构公司治理问题严重失察，金融监管能力和水平不适应。对地方债务管理松弛，有的地方变相违规举债，债务负担持续增加。三是借债人野蛮行为。一些大企业盲目冲动，非理性多元化扩张，过度依赖金融杠杆，产业资本过度进入金融行业。一些股东和实际控制人违法违规经营管理金融企业，存在内部人控制、大股东操纵，财务造假，大肆挪用资金。四是官商勾结和腐败行为。一些金融机构负责人和政府官员失职渎职、贪污腐败、中饱私囊，慷国家之慨，造成重大损失。五是经济周期变化。经济增速下行使原本隐藏的各类风险水落石出，局部风险引发系统风险的概率加大，以企业资不抵债为特征的风险突出。下一步，要继续按照稳定大局、统筹协调、分类施策、精准拆弹的基本方针，抓好风险处置工作。要依法合规，加强金融法治建设，探索建立定期修法制度。要压实责任，“谁家孩子谁抱”，压实地方党政同责，负责属地维稳和化解风险；压实金融监管、行业主管、纪检监察等部门责任，按照各自职责推动风险化解；压实企业自救主体责任，制定可行的风险化解方案。要强化能力建设，提升监管科技水平，补齐监管短板，加强金融监管干部队伍建设。要有充足资源，抓紧设立金融稳定保障基金，发挥存款保险制度和行业保障基金在风险处置中的作用，研究制定促进金融机构兼并收购和化解不良资产的支持政策。地方要主动盘活存量资产，化解风险。企业股东要首先承担风险损失，直至股本清零。要各方广泛配合，金融业建立一体化风险处置机制，充分授权，统筹协调，提高跨市场跨行业统筹应对能力。对一些房地产企业的风险要格外重视。各地要切实担起责任、强化监管，守住不发生系统性风险的底线，保持房地产市场平稳健康发展。第五个问题：正确认识和把握碳达峰碳中和。</strong>推进碳达峰碳中和是党中央经过深思熟虑作出的重大战略决策，是我们对国际社会的庄严承诺，也是推动高质量发展的内在要求。近来在实际工作中出现一些问题，有的搞“碳冲锋”，有的搞“一刀切”、运动式“减碳”，甚至出现“拉闸限电”现象，这些都不符合党中央要求。绿色低碳发展是经济社会发展全面转型的复杂工程和长期任务，能源结构、产业结构调整不可能一蹴而就，更不能脱离实际。如果传统能源逐步退出不是建立在新能源安全可靠的替代基础上，就会对经济发展和社会稳定造成冲击。减污降碳是经济结构调整的有机组成部分，要先立后破、通盘谋划。我在中央财经委员会第九次会议上对“双碳”工作作了全面部署，强调要坚持全国统筹、节约优先、双轮驱动、内外畅通、防范风险的原则。党中央已经出台做好碳达峰碳中和工作的意见，批准了碳达峰行动方案。实现碳达峰碳中和目标要坚定不移，但不可能毕其功于一役，要坚持稳中求进，逐步实现。要立足国情，以煤为主是我们的基本国情，实现碳达峰必须立足这个实际。在抓好煤炭清洁高效利用的同时，加快煤电机组灵活性改造，发展可再生能源，推动煤炭和新能源优化组合，增加新能源消纳能力。要狠抓绿色低碳技术攻关，加快先进技术推广应用。要科学考核，完善能耗“双控”制度，创造条件尽早实现能耗“双控”向碳排放总量和强度“双控”转变，加快形成减污降碳的激励约束机制。各地区各有关部门要统筹做好“双控”、“双碳”工作，防止简单层层分解。要确保能源供应，实现多目标平衡，多渠道增加能源供应，大企业特别是国有企业要带头保供稳价，决不允许再次发生大面积“拉闸限电”这类重大事件。要深入推动能源革命，促进能源消费、供给、技术、体制改革，加强国际合作，加快建设能源强国。※这是习近平总书记2021年12月8日在中央经济工作会议上讲话的一部分。
7,习近平主席如何看待青年朋友,在庆祝中国共产主义青年团成立100周年大会上的讲话</strong>（2022年5月10日）习近平</span>共青团员们，青年朋友们，同志们：
8,向建设科技强国的科技创新工作,加快建设科技强国 实现高水平科技自立自强※</strong>习近平</span>今天，中国科学院第二十次院士大会、中国工程院第十五次院士大会和中国科协第十次全国代表大会隆重开幕了。这是我们在“两个一百年”奋斗目标的历史交汇点、开启全面建设社会主义现代化国家新征程的重要时刻，共商推进我国科技创新发展大计的一次盛会。首先，我代表党中央，向大会的召开，表示热烈的祝贺！向在各个岗位辛勤奉献的科技工作者，致以诚挚的慰问！5月30日是第五个全国科技工作者日，我向全国广大科技工作者，致以节日的问候！今年是中国共产党成立一百周年。在革命、建设、改革各个历史时期，我们党都高度重视科技事业。从革命时期高度重视知识分子工作，到新中国成立后吹响“向科学进军”的号角，到改革开放提出“科学技术是第一生产力”的论断；从进入新世纪深入实施知识创新工程、科教兴国战略、人才强国战略，不断完善国家创新体系、建设创新型国家，到党的十八大后提出创新是第一动力、全面实施创新驱动发展战略、建设世界科技强国，科技事业在党和人民事业中始终具有十分重要的战略地位、发挥了十分重要的战略作用。党的十九大以来，党中央全面分析国际科技创新竞争态势，深入研判国内外发展形势，针对我国科技事业面临的突出问题和挑战，坚持把科技创新摆在国家发展全局的核心位置，全面谋划科技创新工作。我们坚持党对科技事业的全面领导，观大势、谋全局、抓根本，形成高效的组织动员体系和统筹协调的科技资源配置模式。我们牢牢把握建设世界科技强国的战略目标，以只争朝夕的使命感、责任感、紧迫感，抢抓全球科技发展先机，在基础前沿领域奋勇争先。我们充分发挥科技创新的引领带动作用，努力在原始创新上取得新突破，在重要科技领域实现跨越发展，推动关键核心技术自主可控，加强创新链产业链融合。我们全面部署科技创新体制改革，出台一系列重大改革举措，提升国家创新体系整体效能。我们着力实施人才强国战略，营造良好人才创新生态环境，聚天下英才而用之，充分激发广大科技人员积极性、主动性、创造性。我们扩大科技领域开放合作，主动融入全球科技创新网络，积极参与解决人类面临的重大挑战，努力推动科技创新成果惠及更多国家和人民。2016年我们召开了全国科技创新大会、两院院士大会和中国科协第九次全国代表大会，2018年我们召开了两院院士大会。几年来，在党中央坚强领导下，在全国科技界和社会各界共同努力下，我国科技实力正在从量的积累迈向质的飞跃、从点的突破迈向系统能力提升，科技创新取得新的历史性成就。——基础研究和原始创新取得重要进展。</strong>基础研究整体实力显著加强，化学、材料、物理、工程等学科整体水平明显提升。在量子信息、干细胞、脑科学等前沿方向上取得一批重大原创成果。成功组织了一批重大基础研究任务，“嫦娥五号”实现地外天体采样返回，“天问一号”开启火星探测，“怀柔一号”引力波暴高能电磁对应体全天监测器卫星成功发射，“慧眼号”直接测量到迄今宇宙最强磁场，500米口径球面射电望远镜首次发现毫秒脉冲星，新一代“人造太阳”首次放电，“雪龙2”号首航南极，76个光子的量子计算原型机“九章”、62比特可编程超导量子计算原型机“祖冲之号”成功问世。散裂中子源等一批具有国际一流水平的重大科技基础设施通过验收。——战略高技术领域取得新跨越。</strong>在深海、深空、深地、深蓝等领域积极抢占科技制高点。“海斗一号”完成万米海试，“奋斗者”号成功坐底，北斗卫星导航系统全面开通，中国空间站天和核心舱成功发射，“长征五号”遥三运载火箭成功发射，世界最强流深地核天体物理加速器成功出束，“神威·太湖之光”超级计算机首次实现千万核心并行第一性原理计算模拟，“墨子号”实现无中继千公里级量子密钥分发。“天鲲号”首次试航成功。“国和一号”和“华龙一号”三代核电技术取得新突破。——高端产业取得新突破。</strong>C919大飞机准备运营，时速600公里高速磁浮试验样车成功试跑，最大直径盾构机顺利始发。北京大兴国际机场正式投运，港珠澳大桥开通营运。智能制造取得长足进步，人工智能、数字经济蓬勃发展，图像识别、语音识别走在全球前列，5G移动通信技术率先实现规模化应用。新能源汽车加快发展。消费级无人机占据一半以上的全球市场。甲醇制烯烃技术持续创新带动了我国煤制烯烃产业快速发展。——科技在新冠肺炎疫情防控中发挥了重要作用。</strong>科技界为党和政府科学应对疫情提供了科技和决策支撑。成功分离出世界上首个新冠病毒毒株，完成病毒基因组测序，开发一批临床救治药物、检测设备和试剂，研发应用多款疫苗，科技在控制传染、病毒溯源、疾病救治、疫苗和药物研发、复工复产等方面提供了有力支撑，打了一场成功的科技抗疫战。——民生科技领域取得显著成效。</strong>医用重离子加速器、磁共振、彩超、CT等高端医疗装备国产化替代取得重大进展。运用科技手段构建精准扶贫新模式，为贫困地区培育科技产业、培养科技人才，科技在打赢脱贫攻坚战中发挥了重要作用。煤炭清洁高效燃烧、钢铁多污染物超低排放控制等多项关键技术推广应用，促进了空气质量改善。——国防科技创新取得重大成就。</strong>国防科技有力支撑重大武器装备研制发展，首艘国产航母下水，第五代战机歼20正式服役。东风–17弹道导弹研制成功，我国在高超音速武器方面走在前列。实践证明，我国自主创新事业是大有可为的！我国广大科技工作者是大有作为的！我国广大科技工作者要以与时俱进的精神、革故鼎新的勇气、坚忍不拔的定力，面向世界科技前沿、面向经济主战场、面向国家重大需求、面向人民生命健康，把握大势、抢占先机，直面问题、迎难而上，肩负起时代赋予的重任，努力实现高水平科技自立自强！各位院士，同志们、朋友们！当今世界百年未有之大变局加速演进，国际环境错综复杂，世界经济陷入低迷期，全球产业链供应链面临重塑，不稳定性不确定性明显增加。新冠肺炎疫情影响广泛深远，逆全球化、单边主义、保护主义思潮暗流涌动。科技创新成为国际战略博弈的主要战场，围绕科技制高点的竞争空前激烈。我们必须保持强烈的忧患意识，做好充分的思想准备和工作准备。当前，新一轮科技革命和产业变革突飞猛进，科学研究范式正在发生深刻变革，学科交叉融合不断发展，科学技术和经济社会发展加速渗透融合。科技创新广度显著加大，宏观世界大至天体运行、星系演化、宇宙起源，微观世界小至基因编辑、粒子结构、量子调控，都是当今世界科技发展的最前沿。科技创新深度显著加深，深空探测成为科技竞争的制高点，深海、深地探测为人类认识自然不断拓展新的视野。科技创新速度显著加快，以信息技术、人工智能为代表的新兴科技快速发展，大大拓展了时间、空间和人们认知范围，人类正在进入一个“人机物”三元融合的万物智能互联时代。生物科学基础研究和应用研究快速发展。科技创新精度显著加强，对生物大分子和基因的研究进入精准调控阶段，从认识生命、改造生命走向合成生命、设计生命，在给人类带来福祉的同时，也带来生命伦理的挑战。经过多年努力，我国科技整体水平大幅提升，我们完全有基础、有底气、有信心、有能力抓住新一轮科技革命和产业变革的机遇，乘势而上，大展宏图。同时，也要看到，我国原始创新能力还不强，创新体系整体效能还不高，科技创新资源整合还不够，科技创新力量布局有待优化，科技投入产出效益较低，科技人才队伍结构有待优化，科技评价体系还不适应科技发展要求，科技生态需要进一步完善。这些问题，很多是长期存在的难点，需要继续下大气力加以解决。党的十九大确立了到2035年跻身创新型国家前列的战略目标，党的十九届五中全会提出了坚持创新在我国现代化建设全局中的核心地位，把科技自立自强作为国家发展的战略支撑。立足新发展阶段、贯彻新发展理念、构建新发展格局、推动高质量发展，必须深入实施科教兴国战略、人才强国战略、创新驱动发展战略，完善国家创新体系，加快建设科技强国，实现高水平科技自立自强。第一，加强原创性、引领性科技攻关，坚决打赢关键核心技术攻坚战。</strong>科技立则民族立，科技强则国家强。加强基础研究是科技自立自强的必然要求，是我们从未知到已知、从不确定性到确定性的必然选择。要加快制定基础研究十年行动方案。基础研究要勇于探索、突出原创，推进对宇宙演化、意识本质、物质结构、生命起源等的探索和发现，拓展认识自然的边界，开辟新的认知疆域。基础研究更要应用牵引、突破瓶颈，从经济社会发展和国家安全面临的实际问题中凝练科学问题，弄通“卡脖子”技术的基础理论和技术原理。要加大基础研究财政投入力度、优化支出结构，对企业基础研究投入实行税收优惠，鼓励社会以捐赠和建立基金等方式多渠道投入，形成持续稳定的投入机制。科技攻关要坚持问题导向，奔着最紧急、最紧迫的问题去。要从国家急迫需要和长远需求出发，在石油天然气、基础原材料、高端芯片、工业软件、农作物种子、科学试验用仪器设备、化学制剂等方面关键核心技术上全力攻坚，加快突破一批药品、医疗器械、医用设备、疫苗等领域关键核心技术。要在事关发展全局和国家安全的基础核心领域，瞄准人工智能、量子信息、集成电路、先进制造、生命健康、脑科学、生物育种、空天科技、深地深海等前沿领域，前瞻部署一批战略性、储备性技术研发项目，瞄准未来科技和产业发展的制高点。要优化财政科技投入，重点投向战略性、关键性领域。创新链产业链融合，关键是要确立企业创新主体地位。要增强企业创新动力，正向激励企业创新，反向倒逼企业创新。要发挥企业出题者作用，推进重点项目协同和研发活动一体化，加快构建龙头企业牵头、高校院所支撑、各创新主体相互协同的创新联合体，发展高效强大的共性技术供给体系，提高科技成果转移转化成效。现代工程和技术科学是科学原理和产业发展、工程研制之间不可缺少的桥梁，在现代科学技术体系中发挥着关键作用。要大力加强多学科融合的现代工程和技术科学研究，带动基础科学和工程技术发展，形成完整的现代科学技术体系。第二，强化国家战略科技力量，提升国家创新体系整体效能。</strong>世界科技强国竞争，比拼的是国家战略科技力量。国家实验室、国家科研机构、高水平研究型大学、科技领军企业都是国家战略科技力量的重要组成部分，要自觉履行高水平科技自立自强的使命担当。国家实验室要按照“四个面向”的要求，紧跟世界科技发展大势，适应我国发展对科技发展提出的使命任务，多出战略性、关键性重大科技成果，并同国家重点实验室结合，形成中国特色国家实验室体系。国家科研机构要以国家战略需求为导向，着力解决影响制约国家发展全局和长远利益的重大科技问题，加快建设原始创新策源地，加快突破关键核心技术。高水平研究型大学要把发展科技第一生产力、培养人才第一资源、增强创新第一动力更好结合起来，发挥基础研究深厚、学科交叉融合的优势，成为基础研究的主力军和重大科技突破的生力军。要强化研究型大学建设同国家战略目标、战略任务的对接，加强基础前沿探索和关键技术突破，努力构建中国特色、中国风格、中国气派的学科体系、学术体系、话语体系，为培养更多杰出人才作出贡献。科技领军企业要发挥市场需求、集成创新、组织平台的优势，打通从科技强到企业强、产业强、经济强的通道。要以企业牵头，整合集聚创新资源，形成跨领域、大协作、高强度的创新基地，开展产业共性关键技术研发、科技成果转化及产业化、科技资源共享服务，推动重点领域项目、基地、人才、资金一体化配置，提升我国产业基础能力和产业链现代化水平。各地区要立足自身优势，结合产业发展需求，科学合理布局科技创新。要支持有条件的地方建设综合性国家科学中心或区域科技创新中心，使之成为世界科学前沿领域和新兴产业技术创新、全球科技创新要素的汇聚地。第三，推进科技体制改革，形成支持全面创新的基础制度。</strong>要健全社会主义市场经济条件下新型举国体制，充分发挥国家作为重大科技创新组织者的作用，支持周期长、风险大、难度高、前景好的战略性科学计划和科学工程，抓系统布局、系统组织、跨界集成，把政府、市场、社会等各方面力量拧成一股绳，形成未来的整体优势。要推动有效市场和有为政府更好结合，充分发挥市场在资源配置中的决定性作用，通过市场需求引导创新资源有效配置，形成推进科技创新的强大合力。要重点抓好完善评价制度等基础改革，坚持质量、绩效、贡献为核心的评价导向，全面准确反映成果创新水平、转化应用绩效和对经济社会发展的实际贡献。在项目评价上，要建立健全符合科研活动规律的评价制度，完善自由探索型和任务导向型科技项目分类评价制度，建立非共识科技项目的评价机制。在人才评价上，要“破四唯”和“立新标”并举，加快建立以创新价值、能力、贡献为导向的科技人才评价体系。要支持科研事业单位探索试行更灵活的薪酬制度，稳定并强化从事基础性、前沿性、公益性研究的科研人员队伍，为其安心科研提供保障。科技管理改革不能只做“加法”，要善于做“减法”。要拿出更大的勇气推动科技管理职能转变，按照抓战略、抓改革、抓规划、抓服务的定位，转变作风，提升能力，减少分钱、分物、定项目等直接干预，强化规划政策引导，给予科研单位更多自主权，赋予科学家更大技术路线决定权和经费使用权，让科研单位和科研人员从繁琐、不必要的体制机制束缚中解放出来！创新不问出身，英雄不论出处。要改革重大科技项目立项和组织管理方式，实行“揭榜挂帅”、“赛马”等制度。要研究真问题，形成真榜、实榜。要真研究问题，让那些想干事、能干事、干成事的科技领军人才挂帅出征，推行技术总师负责制、经费包干制、信用承诺制，做到不论资历、不设门槛，让有真才实学的科技人员英雄有用武之地！第四，构建开放创新生态，参与全球科技治理。</strong>科学技术具有世界性、时代性，是人类共同的财富。要统筹发展和安全，以全球视野谋划和推动创新，积极融入全球创新网络，聚焦气候变化、人类健康等问题，加强同各国科研人员的联合研发。要主动设计和牵头发起国际大科学计划和大科学工程，设立面向全球的科学研究基金。科技是发展的利器，也可能成为风险的源头。要前瞻研判科技发展带来的规则冲突、社会风险、伦理挑战，完善相关法律法规、伦理审查规则及监管框架。要深度参与全球科技治理，贡献中国智慧，塑造科技向善的文化理念，让科技更好增进人类福祉，让中国科技为推动构建人类命运共同体作出更大贡献！第五，激发各类人才创新活力，建设全球人才高地。</strong>世界科技强国必须能够在全球范围内吸引人才、留住人才、用好人才。我国要实现高水平科技自立自强，归根结底要靠高水平创新人才。培养创新型人才是国家、民族长远发展的大计。当今世界的竞争说到底是人才竞争、教育竞争。要更加重视人才自主培养，更加重视科学精神、创新能力、批判性思维的培养培育。要更加重视青年人才培养，努力造就一批具有世界影响力的顶尖科技人才，稳定支持一批创新团队，培养更多高素质技术技能人才、能工巧匠、大国工匠。我国教育是能够培养出大师来的，我们要有这个自信！要在全社会营造尊重劳动、尊重知识、尊重人才、尊重创造的环境，形成崇尚科学的风尚，让更多的青少年心怀科学梦想、树立创新志向。“栽下梧桐树，引来金凤凰。”要构筑集聚全球优秀人才的科研创新高地，完善高端人才、专业人才来华工作、科研、交流的政策。科技创新离不开科技人员持久的时间投入。为了保证科研人员的时间，1961年中央就曾提出“保证科技人员每周有5天时间搞科研工作”。保障时间就是保护创新能力！要建立让科研人员把主要精力放在科研上的保障机制，让科技人员把主要精力投入科技创新和研发活动。各类应景性、应酬性活动少一点科技人员参加，不会带来什么损失！决不能让科技人员把大量时间花在一些无谓的迎来送往活动上，花在不必要的评审评价活动上，花在形式主义、官僚主义的种种活动上！各位院士，同志们、朋友们！中国科学院、中国工程院是国家科学技术界和工程科技界的最高学术机构，是国家战略科技力量。要发挥两院作为国家队的学术引领作用、关键核心技术攻关作用、创新人才培养作用，解决重大原创的科学问题，勇闯创新“无人区”，突破制约发展的关键核心技术，发现、培养、集聚一批高素质人才和高水平创新团队。要强化两院的国家高端智库职能，发挥战略科学家作用，积极开展咨询评议，服务国家决策。中国科协要肩负起党和政府联系科技工作者桥梁和纽带的职责，坚持为科技工作者服务、为创新驱动发展服务、为提高全民科学素质服务、为党和政府科学决策服务，更广泛地把广大科技工作者团结在党的周围，弘扬科学家精神，涵养优良学风。要坚持面向世界、面向未来，增进对国际科技界的开放、信任、合作，为全面建设社会主义现代化国家、推动构建人类命运共同体作出更大贡献。院士是我国科学技术方面和工程科技领域的最高荣誉称号。两院院士是国家的财富、人民的骄傲、民族的光荣。党的十八届三中全会以来，我们改革院士制度，取得积极成效。党的十九届五中全会提出深化院士制度改革，让院士称号进一步回归荣誉性、学术性。在院士评选中要打破论资排辈，杜绝非学术性因素的影响，加强社会监督，维护院士称号的纯洁性。这里，我给院士们提几点希望。——希望广大院士做胸怀祖国、服务人民的表率。</strong>在中华民族伟大复兴的征程上，一代又一代科学家心系祖国和人民，不畏艰难，无私奉献，为科学技术进步、人民生活改善、中华民族发展作出了重大贡献。新时代更需要继承发扬以国家民族命运为己任的爱国主义精神，更需要继续发扬以爱国主义为底色的科学家精神。广大院士要不忘初心、牢记使命，响应党的号召，听从祖国召唤，保持深厚的家国情怀和强烈的社会责任感，为党、为祖国、为人民鞠躬尽瘁、不懈奋斗！——希望广大院士做追求真理、勇攀高峰的表率。</strong>科学以探究真理、发现新知为使命。一切真正原创的知识，都需要冲破现有的知识体系。“善学者尽其理，善行者究其难。”广大院士要勇攀科学高峰，敢为人先，追求卓越，努力探索科学前沿，发现和解决新的科学问题，提出新的概念、理论、方法，开辟新的领域和方向，形成新的前沿学派。要攻坚克难、集智攻关，瞄准“卡脖子”的关键核心技术难题，带领团队作出重大突破。——希望广大院士做坚守学术道德、严谨治学的表率。</strong>诚信是科学精神的必然要求。广大院士要做学术道德的楷模，坚守学术道德和科研伦理，践行学术规范，让学术道德和科学精神内化于心、外化于行，涵养风清气正的科研环境，培育严谨求是的科学文化。人的精力是有限的，院士们要更加专注于科研，尽量减少兼职，更加聚焦本专业领域。——希望广大院士做甘为人梯、奖掖后学的表率。</strong>“江山代有才人出”，“自古英雄出少年”。广大院士要在创新人才培养中发挥识才、育才、用才的导师作用。“才者，材也，养之贵素，使之贵器。”要言传身教，发扬学术民主，甘做提携后学的铺路石和领路人，大力破除论资排辈、圈子文化，鼓励年轻人大胆创新、勇于创新，让青年才俊像泉水一样奔涌而出。各级党委和政府要充分尊重人才，对院士要政治上关怀、工作上支持、生活上关心，认真听取包括院士在内的广大科研人员意见，加强对科研活动的科学管理和服务保障，为科研人员创造良好创新环境。各位院士，同志们、朋友们！全面建设社会主义现代化国家新征程已经开启，向第二个百年奋斗目标进军的号角已经吹响。让我们团结起来，勇于创新、顽强拼搏，为建成世界科技强国、实现中华民族伟大复兴不断作出新的更大贡献！※这是习近平总书记2021年5月28日在中国科学院第二十次院士大会、中国工程院第十五次院士大会和中国科协第十次全国代表大会上的讲话。
9,携手迎接接挑战、合作开创未来,新华社北京4月21日电携手迎接挑战，合作开创未来</strong>——在博鳌亚洲论坛2022年年会开幕式上的主旨演讲</strong>（2022年4月21日，北京）</strong>中华人民共和国主席 习近平尊敬的各位国家元首、政府首脑，尊敬的各位国际组织负责人，尊敬的各位博鳌亚洲论坛理事，各位来宾，女士们，先生们，朋友们：很高兴同各位新老朋友再次在“云端”相聚，共同出席博鳌亚洲论坛2022年年会。首先，我谨代表中国政府和中国人民，并以我个人的名义，对出席年会的嘉宾，表示诚挚的欢迎！对年会的召开，表示热烈的祝贺！当下，世界之变、时代之变、历史之变正以前所未有的方式展开，给人类提出了必须严肃对待的挑战。人类还未走出世纪疫情阴霾，又面临新的传统安全风险；全球经济复苏仍脆弱乏力，又叠加发展鸿沟加剧的矛盾；气候变化等治理赤字尚未填补，数字治理等新课题又摆在我们面前。在这样的背景下，论坛年会以“疫情与世界：共促全球发展，构建共同未来”为主题，具有重要意义。“安危不贰其志，险易不革其心。”人类历史告诉我们，越是困难时刻，越要坚定信心。矛盾并不可怕，正是矛盾推动着人类社会进步。任何艰难曲折都不能阻挡历史前进的车轮。面对重重挑战，我们决不能丧失信心、犹疑退缩，而是要坚定信心、激流勇进。女士们、先生们、朋友们！冲出迷雾走向光明，最强大的力量是同心合力，最有效的方法是和衷共济。过去两年多来，国际社会为应对新冠肺炎疫情挑战、推动世界经济复苏发展作出了艰苦努力。困难和挑战进一步告诉我们，人类是休戚与共的命运共同体，各国要顺应和平、发展、合作、共赢的时代潮流，向着构建人类命运共同体的正确方向，携手迎接挑战、合作开创未来。——我们要共同守护人类生命健康。人民生命安全和身体健康是人类发展进步的前提。人类彻底战胜新冠肺炎疫情还需付出艰苦努力。各国要相互支持，加强防疫措施协调，完善全球公共卫生治理，形成应对疫情的强大国际合力。要坚持疫苗作为全球公共产品的属性，确保疫苗在发展中国家的可及性和可负担性。中国已经向120多个国家和国际组织提供超过21亿剂疫苗。无论是对外提供疫苗还是海外生产疫苗，中国都言必信、行必果。中国将继续向非洲、东盟分别援助6亿剂、1.5亿剂疫苗，为弥合“免疫鸿沟”作出积极努力。——我们要共同促进经济复苏。新冠肺炎疫情对过去10年全球减贫成果造成重大冲击，复苏不均衡加剧全球不平等，南北鸿沟持续扩大。我们要坚持建设开放型世界经济，把握经济全球化发展大势，加强宏观政策协调，运用科技增强动能，维护全球产业链供应链稳定，防止一些国家政策调整产生严重负面外溢效应，促进全球平衡、协调、包容发展。要坚持以人民为中心，把促进发展、保障民生置于突出位置，实施政策、采取措施、开展行动都要把是否有利于民生福祉放在第一位。要关注发展中国家紧迫需求，围绕减贫、粮食安全、发展筹资、工业化等重点领域推进务实合作，着力解决发展不平衡不充分问题。去年，我提出了全球发展倡议，得到联合国等国际组织和近百个国家响应和支持。我们正在同国际社会一道，稳步推进倡议落地落实。——我们要共同维护世界和平安宁。“治国常富，而乱国常贫。”安全是发展的前提，人类是不可分割的安全共同体。事实再次证明，冷战思维只会破坏全球和平框架，霸权主义和强权政治只会危害世界和平，集团对抗只会加剧21世纪安全挑战。为了促进世界安危与共，中方愿在此提出全球安全倡议：我们要坚持共同、综合、合作、可持续的安全观，共同维护世界和平和安全；坚持尊重各国主权、领土完整，不干涉别国内政，尊重各国人民自主选择的发展道路和社会制度；坚持遵守联合国宪章宗旨和原则，摒弃冷战思维，反对单边主义，不搞集团政治和阵营对抗；坚持重视各国合理安全关切，秉持安全不可分割原则，构建均衡、有效、可持续的安全架构，反对把本国安全建立在他国不安全的基础之上；坚持通过对话协商以和平方式解决国家间的分歧和争端，支持一切有利于和平解决危机的努力，不能搞双重标准，反对滥用单边制裁和“长臂管辖”；坚持统筹维护传统领域和非传统领域安全，共同应对地区争端和恐怖主义、气候变化、网络安全、生物安全等全球性问题。——我们要共同应对全球治理挑战。世界各国乘坐在一条命运与共的大船上，要穿越惊涛骇浪、驶向光明未来，必须同舟共济，企图把谁扔下大海都是不可接受的。国际社会发展到今天已经成为一部复杂精巧、有机一体的机器，拆掉一个零部件就会使整个机器运转面临严重困难，被拆的人会受损，拆的人也会受损。当今世界，任何单边主义、极端利己主义都是根本行不通的，任何脱钩、断供、极限施压的行径都是根本行不通的，任何搞“小圈子”、以意识形态划线挑动对立对抗也都是根本行不通的。我们要践行共商共建共享的全球治理观，弘扬全人类共同价值，倡导不同文明交流互鉴。要坚持真正的多边主义，坚定维护以联合国为核心的国际体系和以国际法为基础的国际秩序。大国尤其要作出表率，带头讲平等、讲合作、讲诚信、讲法治，展现大国的样子。女士们、先生们、朋友们！亚洲人民历经热战冷战，饱经沧桑忧患，深知和平弥足珍贵，发展来之不易。过去几十年，亚洲地区总体保持稳定，经济持续快速增长，成就了“亚洲奇迹”。亚洲好世界才能更好。我们要继续把亚洲发展好、建设好，展现亚洲的韧性、智慧、力量，打造世界的和平稳定锚、增长动力源、合作新高地。第一，坚定维护亚洲和平。地区和平稳定不是天上掉下来的，也不是哪个国家的施舍，而是地区国家共同努力的成果。今天，亚洲首倡的和平共处五项原则和“万隆精神”更加具有现实意义。我们要秉持相互尊重、平等互利、和平共处等原则，奉行睦邻友好政策，把命运牢牢掌握在自己手中。第二，积极推动亚洲合作。亚洲国家谚语说，“遇山一起爬，遇沟一起跨”、“甘蔗同穴生，香茅成丛长”。共赢合作是亚洲发展的必由之路。《区域全面经济伙伴关系协定》正式生效，中老铁路建成通车，有效提升了地区硬联通、软联通水平。我们要以此为契机，推动亚洲形成更加开放的大市场，促进亚洲共赢合作迈出新步伐。第三，共同促进亚洲团结。用对话合作取代零和博弈，用开放包容取代封闭排他，用交流互鉴取代唯我独尊，这是亚洲应有的襟怀和气度。我们要巩固东盟在地区架构中的中心地位，维护兼顾各方诉求、包容各方利益的区域秩序。国家无论大小强弱，无论域内域外，都应该为亚洲添彩而不添乱，都要共走和平发展大道，共谋合作共赢大计，共创团结进步的亚洲大家庭。女士们、先生们、朋友们！两个多月前，中国向世界奉献了简约、安全、精彩的北京冬奥会、冬残奥会，为各国人民带来了温暖和希望。下半年，我们将召开中国共产党第二十次全国代表大会，擘画中国未来发展蓝图。中国经济韧性强、潜力足、回旋余地广、长期向好的基本面不会改变，将为世界经济企稳复苏提供强大动能，为各国提供更广阔的市场机会。中国将全面贯彻新发展理念，加快构建新发展格局，着力推动高质量发展。不论世界发生什么样的变化，中国改革开放的信心和意志都不会动摇。中国将扩大高水平对外开放，深入实施外资准入负面清单，扩大鼓励外商投资范围，优化外资促进服务，增设服务业扩大开放综合试点。中国将扎实推进自由贸易试验区、海南自由贸易港建设，对接国际高标准经贸规则，推动制度型开放。中国将全面实施《区域全面经济伙伴关系协定》，推动同更多国家和地区商签高标准自由贸易协定，积极推进加入《全面与进步跨太平洋伙伴关系协定》和《数字经济伙伴关系协定》。中国将坚持高标准、可持续、惠民生的目标，积极推进高质量共建“一带一路”。中国将始终不渝坚持走和平发展道路，始终做世界和平的建设者、全球发展的贡献者、国际秩序的维护者。女士们、先生们、朋友们！中国古人说，日日行，不怕千万里；常常做，不怕千万事。只要我们携手同心、行而不辍，就一定能汇聚起合作共赢的伟力，战胜前进道路上的各种挑战，迎来人类更加光明美好的未来。谢谢大家。
10,促进我国社会保障事业高质量发展可持续发展,促进我国社会保障事业高质量发展、可持续发展※</strong>习近平</span>今天，中央政治局进行第二十八次集体学习，内容是完善覆盖全民的社会保障体系。安排这次学习，目的是面向“十四五”时期发展目标任务，分析我国社会保障体系建设的现状，研究存在的问题，明确完善的思路，促进我国社会保障事业高质量发展、可持续发展。社会保障是保障和改善民生、维护社会公平、增进人民福祉的基本制度保障，是促进经济社会发展、实现广大人民群众共享改革发展成果的重要制度安排，发挥着民生保障安全网、收入分配调节器、经济运行减震器的作用，是治国安邦的大问题。我们党历来高度重视民生改善和社会保障。早在1922年，党的二大宣言中就提出了设立工厂保险、保护失业工人等改良工人待遇的主张。瑞金时期颁布的《中华苏维埃共和国劳动法》设专章规定了社会保险问题。新中国成立伊始，政务院根据《中国人民政治协商会议共同纲领》中“逐步实行劳动保险制度”的要求，于1951年颁布《中华人民共和国劳动保险条例》。改革开放后，我们把社会保障作为改善人民生活的基础民生工程，稳步推进社会保障体系建设，取得了重大进展。党的十八大以来，党中央把社会保障体系建设摆上更加突出的位置，推动我国社会保障体系建设进入快车道。中央政治局会议、中央政治局常委会会议、中央全面深化改革委员会会议等会议多次研究审议改革和完善基本养老保险制度总体方案、深化医疗保障制度改革意见等，对我国社会保障体系建设作出顶层设计，改革的系统性、整体性、协同性进一步增强。我们统一城乡居民基本养老保险制度，实现机关事业单位和企业养老保险制度并轨，建立企业职工基本养老保险基金中央调剂制度。我们整合城乡居民基本医疗保险制度，全面实施城乡居民大病保险，组建国家医疗保障局。我们推进全民参保计划，降低社会保险费率，划转部分国有资本充实社保基金。我们积极发展养老、托幼、助残等福利事业，人民群众不分城乡、地域、性别、职业，在面对年老、疾病、失业、工伤、残疾、贫困等风险时都有了相应制度保障。目前，我国以社会保险为主体，包括社会救助、社会福利、社会优抚等制度在内，功能完备的社会保障体系基本建成，基本医疗保险覆盖13.6亿人，基本养老保险覆盖近10亿人，是世界上规模最大的社会保障体系。这为人民创造美好生活奠定了坚实基础，为打赢脱贫攻坚战提供了坚强支撑，为如期全面建成小康社会、实现第一个百年奋斗目标提供了有利条件。在充分肯定成绩的同时，我们也要看到，随着我国社会主要矛盾发生变化和城镇化、人口老龄化、就业方式多样化加快发展，我国社会保障体系仍存在不足，主要是：制度整合没有完全到位，制度之间转移衔接不够通畅；部分农民工、灵活就业人员、新业态就业人员等人群没有纳入社会保障，存在“漏保”、“脱保”、“断保”的情况；政府主导并负责管理的基本保障“一枝独大”，而市场主体和社会力量承担的补充保障发育不够；社会保障统筹层次有待提高，平衡地区收支矛盾压力较大；城乡、区域、群体之间待遇差异不尽合理；社会保障公共服务能力同人民群众的需求还存在一定差距；一些地方社保基金存在“穿底”风险。对这些不足，我们必须高度重视并切实加以解决。党的十九届五中全会为我国未来5年乃至15年的发展擘画了蓝图，要求推动全体人民共同富裕取得更为明显的实质性进展。社会保障关乎人民最关心最直接最现实的利益问题，我们要加大再分配力度，强化互助共济功能，把更多人纳入社会保障体系，为广大人民群众提供更可靠更充分的保障，不断满足人民群众多层次多样化需求，完善覆盖全民、统筹城乡、公平统一、可持续的多层次社会保障体系，进一步织密社会保障安全网。第一，建设中国特色社会保障体系。世界各国发展水平、社会条件、文化特征不同，社会保障制度必然多种多样。我们注重学习借鉴国外社会保障有益经验，但不是照抄照搬、简单复制，而是立足国情、积极探索、大胆创新，成功建设了具有鲜明中国特色的社会保障体系。我们坚持发挥中国共产党领导和我国社会主义制度的政治优势，集中力量办大事，推动社会保障事业行稳致远；坚持人民至上，坚持共同富裕，把增进民生福祉、促进社会公平作为发展社会保障事业的根本出发点和落脚点，使改革发展成果更多更公平惠及全体人民；坚持制度引领，围绕全覆盖、保基本、多层次、可持续等目标加强社会保障体系建设；坚持与时俱进，用改革的办法和创新的思维解决发展中的问题，坚决破除体制机制障碍，推动社会保障事业不断前进；坚持实事求是，既尽力而为又量力而行，把提高社会保障水平建立在经济和财力可持续增长的基础之上，不脱离实际、超越阶段。我们要坚持和发展这些成功经验，不断总结，不断前进。第二，科学谋划“十四五”乃至更长时期社会保障事业。党的十九届五中全会明确了“十四五”时期我国社会保障事业发展的蓝图，要逐条逐项深入研究，纳入规划，抓好落实。要坚持系统观念，把握好新发展阶段、新发展理念、新发展格局提出的新要求，在统筹推进“五位一体”总体布局、协调推进“四个全面”战略布局中思考和谋划社会保障事业发展。要树立战略眼光，顺应人民对高品质生活的期待，适应人的全面发展和全体人民共同富裕的进程，不断推动幼有所育、学有所教、劳有所得、病有所医、老有所养、住有所居、弱有所扶取得新进展。要增强风险意识，研判未来5年、15年乃至30年我国人口老龄化、人均预期寿命提升、受教育年限增加、劳动力结构变化等发展趋势，分析社会保障可能面临的新情况新问题，提高工作预见性和主动性，未雨绸缪采取应对措施。要拓展国际视野，关注国外社会保障发展情况，汲取经验教训，既避免像一些拉美国家那样盲目进行“福利赶超”落入“中等收入陷阱”，又避免像一些北欧国家那样实行“泛福利化”导致社会活力不足。什么时候都不能忘记一个道理，经济发展和社会保障是水涨船高的关系，水浅行小舟，水深走大船，违背规律就会搁浅或翻船。第三，深化社会保障制度改革。现在，我国社会保障制度改革已进入系统集成、协同高效的阶段。要准确把握社会保障各个方面之间、社会保障领域和其他相关领域之间改革的联系，提高统筹谋划和协调推进能力，确保各项改革形成整体合力。要强化问题导向，紧盯老百姓在社会保障方面反映强烈的烦心事、操心事、揪心事，紧盯制约社会保障体系建设的硬骨头，不断推进改革。要加快发展多层次、多支柱养老保险体系，健全基本养老、基本医疗保险筹资和待遇调整机制，扩大年金制度覆盖范围，规范发展第三支柱养老保险，积极发展商业医疗保险，更好满足人民群众多样化需求。要推动基本医疗保险、失业保险、工伤保险省级统筹，进一步明确中央与地方事权和支出责任。要把农村社会救助纳入乡村振兴战略统筹谋划，健全农村社会救助制度，完善日常性帮扶措施。要健全农民工、灵活就业人员、新业态就业人员参加社会保险制度，健全退役军人保障制度，健全老年人关爱服务体系，完善帮扶残疾人、孤儿等社会福利制度。2018年以来，我们实施了养老保险中央调剂金制度，仅去年一年，东部发达地区就拿出了1768亿元，拨付给中西部和老工业基地省份，有力缓解了社保基金收支的区域结构性矛盾，确保了养老金按时足额发放。同时，区域不平衡的问题还没有从根本上解决，要加快实现基本养老保险全国统筹。这符合社会保险“大数法则”，也是构建新发展格局的要求。随着人口老龄化加速发展特别是老年人慢性病患病率的提高，加上医疗技术发展，更多疾病从“无药可医”变为“可医可控”，医保支出面临着更大压力。要坚持不懈、协同推进“三医联动”，健全筹资和待遇调整机制，推进国家组织药品和耗材集中带量采购改革，深化医保支付方式改革，完善医药服务价格形成机制，提高医保基金使用效能。近年来，许多人口老龄化程度较高的发达国家和新兴国家都推出了延迟法定退休年龄的改革计划，但实施起来并不太顺利。一些国家在这项改革上经历了波折。我们要合理把握改革方向、节奏、力度，加强舆论引导，最大程度凝聚全社会共识和合力，推动这项改革任务平稳落地。第四，推进社会保障法治化。要从立法、执法、司法、守法各环节加强社会保障工作，在法治轨道上推动社会保障事业健康发展。要加强社会保障立法工作，加快制定或修订社会保险、社会救助、社会福利等方面的相关法律，依法落实各级政府和用人单位、个人、社会的社会保障权利、义务、责任。要依法健全社会保障基金监管体系，防范化解基金运行风险，维护基金安全。要以零容忍态度严厉打击欺诈骗保、套保或挪用贪占各类社会保障资金的违法行为，守护好人民群众的每一分“养老钱”、“保命钱”和每一笔“救助款”、“慈善款”。第五，加强社会保障精细化管理。要完善从中央到省、市、县、乡镇（街道）的五级社会保障管理体系和服务网络，在提高管理精细化程度和服务水平上下更大功夫，提升社会保障治理效能。要适应人口大规模流动、就业快速变动的趋势，完善社会保险关系登记和转移接续的措施，健全社会救助、社会福利对象精准认定机制，实现应保尽保、应助尽助、应享尽享。要完善全国统一的社会保险公共服务平台，充分利用互联网、大数据、云计算等信息技术创新服务模式，深入推进社保经办数字化转型。同时，要坚持传统服务方式和智能化服务创新并行，针对老年人、残疾人等群体的特点，提供更加贴心暖心的社会保障服务。第六，发挥好社会保障在应对疫情影响方面的积极作用。去年以来，面对突如其来的新冠肺炎疫情，社会保障为打赢疫情防控的人民战争、总体战、阻击战和实现决胜全面建成小康社会、决战脱贫攻坚目标任务作出了贡献。当前，全球疫情仍在扩散蔓延，我国“外防输入、内防反弹”任务仍然很重。要发挥好社会保障在助力疫情防控、稳定经济社会发展秩序中的作用。要根据形势好转变化，稳妥退出减免社保缴费等阶段性纾困政策，并同其他政策退出平稳衔接。要总结这次疫情防控的成功做法，完善我国社会保障针对突发重大风险的应急响应机制，既能抵御可以预见的生老病死等各种常规风险，又能应对难以预料的非常规风险。最后，我强调一个问题，就是要坚持制度的统一性和规范性。我国社会保障体系建立之初，我们鼓励各地大胆创新、不断探索。现在，随着我国社会保障体系不断发展，社会保障体系建设要坚持国家顶层设计，做到全国一盘棋。要增强制度的刚性约束，加强对制度运行的管理监督。各地区务必树立大局意识，严肃落实制度改革要求，不得违规出台地方“小政策”。可以允许一定时期内存在区域间社会保障水平上的差异，但不能动摇统一制度的目标，不能自行其是、搞变通。各级党委和政府要深化对社会保障工作重要性的认识，把握规律，统筹协调，抓好党中央决策部署和各项改革方案的贯彻落实，在完善覆盖全民的社会保障体系上不断取得新成效。※这是习近平总书记2021年2月26日在十九届中央政治局第二十八次集体学习时的讲话。
11,望海楼共同谱写新时代中国新篇,新华社北京4月8日电在北京冬奥会、冬残奥会总结表彰大会上的讲话</strong>（2022年4月8日）</strong>习近平</strong>同志们，朋友们：历经7年艰辛努力，北京冬奥会、冬残奥会胜利举办，举国关注，举世瞩目。中国人民同各国人民一道，克服各种困难挑战，再一次共创了一场载入史册的奥运盛会，再一次共享奥林匹克的荣光。事实再次证明，中国人民有意愿、有决心为促进奥林匹克运动发展、促进世界人民团结友谊作出贡献，而且有能力、有热情继续作出新的更大的贡献！北京冬奥会、冬残奥会的成功举办，凝结着各条战线人们的辛勤付出和智慧汗水。北京冬奥组委同北京市、河北省、国家体育总局、中国残联紧密合作，广大冬奥建设者、工作者、志愿者牢记党和人民的重托，满怀为国争光的壮志，在各自岗位上真诚奉献、默默耕耘，涌现出一大批作出突出贡献的先进集体和先进个人。今天，我们在这里隆重集会，总结北京冬奥会、冬残奥会的经验，表彰突出贡献集体和突出贡献个人，弘扬北京冬奥会、冬残奥会筹办举办过程中培育的崇高精神，激励全党全国各族人民为实现第二个百年奋斗目标、实现中华民族伟大复兴的中国梦而努力奋斗！同志们、朋友们！中国人历来言必信、行必果。确保北京冬奥会、冬残奥会如期安全顺利举办，确保“两个奥运”同样精彩，是中国人民向国际社会作出的庄严承诺。7年来，在党中央坚强领导下，各有关部门、各省区市团结协作、攻坚克难，北京携手张家口作为主办城市尽锐出战、全力投入，同国际奥委会、国际残奥委会等国际体育组织紧密合作，克服新冠肺炎疫情等各种困难挑战，向世界奉献了一届简约、安全、精彩的奥运盛会，全面兑现了对国际社会的庄严承诺，北京成为全球首个“双奥之城”。——冬奥赛事精彩纷呈，国际社会积极评价。四场开闭幕式精彩纷呈，人类命运共同体的主题贯穿始终，中华文化和冰雪元素交相辉映，体现了自然之美、人文之美、运动之美，诠释了新时代中国可信、可爱、可敬的形象。三个赛区一流的场馆设施，严谨专业的赛事组织，温馨周到的服务，赢得参赛各方一致好评。赛事吸引了全球数十亿观众观赛，成为收视率最高的一届冬奥会！——爱国情怀充分彰显，汇聚起实现中华民族伟大复兴的强大力量。北京冬奥会、冬残奥会是中国人民爱国热情的激扬展示。海内外中华儿女热情关注、大力支持这场在中国举办的冬奥盛会，纷纷为冬奥健儿加油喝彩、为伟大祖国加油喝彩。赛场上，我国体育健儿不畏强手、顽强拼搏、为国争光，五星红旗高高飘扬，每一位中华儿女都倍感荣光。一位护旗手说：“我站在奥运会的升旗台，心中满满的自豪感，想到祖国如今的繁荣昌盛是多么来之不易，那是一种说不出的骄傲与热爱，泪水就夺眶而出了……”巧妙蕴含中华文化的冬奥场馆，活泼敦厚的“冰墩墩”，喜庆祥和的“雪容融”，扑面而来的中国年味儿，香喷喷的豆包……，“冬奥梦”和“中国梦”精彩交织。饱含圆融和合等中国理念的开闭幕式，构思独到，匠心独运，二十四节气、黄河之水、中国结、迎客松、折柳寄情、雪花主题歌……，听障演员的圆舞曲、手语版国歌、盲童合唱团的歌声、视障运动员的点火……，这些意蕴隽永的场面在人们心中留下了美轮美奂、直击人心的深刻印象，激发了海内外中华儿女万众一心、接续奋斗的昂扬激情！——“三亿人参与冰雪运动”成为现实，人民群众获得感显著增强。北京冬奥会、冬残奥会的筹办举办推动了我国冰雪运动跨越式发展，冰雪运动跨过山海关，走进全国各地，开启了中国乃至全球冰雪运动新时代。筹办以来，我们建设了一大批优质的冰雪场地设施，举办了一系列丰富多彩的群众性冰雪赛事活动，人民群众参与热情持续高涨，参与人数达到3.46亿，冰天雪地成为群众致富、乡村振兴的“金山银山”。冬奥筹办举办全面促进了社会事业发展，残疾人人权得到更好保障，广大群众生活更加丰富多彩！——冬奥遗产成果丰硕，实现成功办奥和区域发展双丰收。北京冬奥会、冬残奥会筹办举办对国家发展特别是京津冀协同发展具有强有力的牵引作用。我们把冬奥筹办举办作为推动京津冀协同发展的重要抓手，区域交通更加便捷，生态环境明显改善，产业联动更加紧密，公共服务更加均衡。“冰丝带”、“雪飞天”、“雪游龙”、“雪如意”等冬奥场馆精彩亮相，成为造福人民的优质资产！——疫情防控精准有效，确保了冬奥安全顺利。在全球新冠肺炎疫情大流行背景下，我们把全部参与者的健康放在第一位，坚持“外防输入、内防反弹”，通过严格实施防控措施，有力保障了各方人员健康。赛时期间，闭环内阳性比例仅为0.45%，所有阳性人员都得到了有效治疗和良好照顾，没有发生聚集性、溢出性疫情，城市防控动态清零。中国的防疫政策再次经受住了考验，为全球抗疫和举办国际重大活动提供了有益经验。有的外国运动员表示：“如果疫情应对也有金牌，中国应该得到一枚。”这枚金牌属于全体办奥人员！——团结合作走向未来，为人类战胜挑战作出了中国贡献。奥林匹克运动承载着人类对和平、团结、进步的美好追求。在世界百年变局加速演进、人类社会遭遇各种挑战的形势下，奥林匹克大家庭成员不远万里来华共襄盛举，团结友好的“朋友圈”、“伙伴群”越扩越大。外国运动员在回国时恋恋不舍地说：“我会在飞机上哭的，我要哽咽了，爱你们。”“我肯定会把生命中最美好的冬奥回忆带回家。”北京冬奥会、冬残奥会的成功举办，促进了不同文明交流互鉴，为推动全球团结合作、共克时艰发挥了重要作用，也为动荡不安的世界带来了信心和希望，向世界发出了“一起向未来”的时代强音！同志们、朋友们！冬奥7年艰辛，奋斗铸就辉煌。北京冬奥会、冬残奥会筹办举办是在异常困难的情况下推进的，全部参与者坚持“一刻也不能停，一步也不能错，一天也误不起”，付出了艰苦卓绝的努力。广大冬奥建设者发扬工匠精神，打造了巧夺天工、世界一流的场馆设施。广大办赛人员严谨专业完成赛事组织工作，为运动员创造了良好比赛条件。广大赛会服务保障人员热情周到服务，工作时间表是迎着星星来、顶着星星走，为参赛各方带去春天般的温暖。广大医疗防疫人员筑起牢不可破的安全屏障，守护了参赛各方健康。广大城市保障人员用心守护城市的每一处角落，用最高标准保障了赛事和城市顺畅运行。广大人民解放军指战员、武警部队官兵、公安干警和消防救援队伍指战员承担急难险重任务，圆满完成了安全保卫等工作。广大文艺工作者、科技工作者、设计工作者、新闻工作者、外事工作者、气象工作者以及其他各条战线上的全体工作人员团结一心、通力合作，坚守各自岗位，默默奉献付出，出色完成了各项任务。广大志愿者用青春和奉献提供了暖心的服务，向世界展示了蓬勃向上的中国青年形象。闭环内数万名工作人员，舍家忘我、坚守数月，展现了感动人心的精神风貌和责任意识。同志们深情地表示：“为了冬奥圆满成功，困难再多也嚼嚼咽了，一切付出与奉献都值得。”祖国和人民为你们的辛勤付出、取得的优异成绩感到自豪！7年来，我国广大运动员、教练员牢记党和人民嘱托，争分夺秒、刻苦训练，在冬奥赛场上敢打敢拼、超越自我，胜利完成各项比赛任务。中国体育代表团首次全项参赛，勇夺冬奥会9枚金牌、15枚奖牌和冬残奥会18枚金牌、61枚奖牌，创造了我国参加冬奥会、冬残奥会的历史最好成绩！我国广大运动员、教练员以实际行动落实拿道德金牌、风格金牌、干净金牌的要求，诠释了奥林匹克精神和中华体育精神，实现了运动成绩和精神文明双丰收，为党和人民赢得了荣誉！广大冬奥会、冬残奥会的参与者们，用辛勤付出、坚强毅力、巨大勇气，以强烈的责任感、使命感、荣誉感，出色完成了各项工作任务，创造了无愧于祖国、无愧于人民、无愧于时代的光辉业绩！在这里，我代表党中央、国务院和中央军委，向受到表彰的突出贡献集体和突出贡献个人，表示热烈的祝贺！向为北京冬奥会、冬残奥会筹办举办作出突出贡献的全体建设者、工作者、志愿者，向广大运动员、教练员，向人民解放军指战员、武警部队官兵、公安干警和消防救援队伍指战员，致以崇高的敬意！向热情支持北京冬奥会、冬残奥会的广大香港同胞、澳门同胞、台湾同胞和海外华侨华人，表示衷心的感谢！在筹办举办过程中，国际奥委会、国际残奥委会以及奥林匹克大家庭、残奥大家庭成员对我们的工作给予了积极帮助，各国政府和人民、国际友好人士给予了大力支持，许多国家领导人、国际组织负责人亲自来华出席有关活动。来自世界各地的体育健儿在赛场上相互尊重、彼此激励、突破极限，在激情的比赛中完美演绎了“更快、更高、更强——更团结”的奥林匹克格言和“勇气、决心、激励、平等”的残奥价值观。北京冬奥会、冬残奥会是一场和平友谊的盛会、一场团结合作的盛会、一场鼓舞世界的盛会！在这里，我谨代表中国政府和14亿多中国人民，向国际奥委会、国际残奥委会以及奥林匹克大家庭、残奥大家庭成员，向世界各国各地区的朋友们，表示衷心的感谢！向在北京冬奥会、冬残奥会上奋勇争先的各国体育健儿们，表示崇高的敬意！同志们、朋友们！成就源于奋斗，胜利来之不易。回顾7年来不平凡的筹办举办历程，我们不仅在奋斗中收获了成功的喜悦，也在奋斗中收获了丰厚的精神财富，收获了弥足珍贵的经验，值得我们倍加珍惜、发扬光大。第一，坚持党的集中统一领导。党中央高度重视北京冬奥会、冬残奥会，成立冬奥会工作领导小组，从国家层面统筹力量、协调推进筹办工作。筹办之初，党中央就明确提出绿色、共享、开放、廉洁的办奥理念。面对严峻复杂的全球疫情，在全面分析国内外形势特别是疫情影响基础上，作出“顺利举办即成功”的科学判断，提出“简约、安全、精彩”的办赛要求。广大党员、干部牢记初心使命，以行动践行了“急难险重任务，我在第一线”的誓言。事实充分证明，中国共产党是我们成就伟业最可靠的主心骨，只要始终不渝坚持党的领导，就一定能够战胜前进道路上的任何艰难险阻，就一定能够办成我们想办的任何事情！第二，坚持集中力量办大事。冬奥筹办是一项复杂的系统工程。在党中央坚强领导下，冬奥会工作领导小组和18个专项工作议事协调机构搭建起冬奥筹办的四梁八柱，北京冬奥组委、北京市、河北省与中央部门、各省区市、人民解放军和武警部队、企业、高校院所等方面紧密合作、全力攻坚，社会各界和人民群众热情参与，共同完成了各阶段筹办任务。在赛时阶段，战略指挥、运行指挥、场馆运行的三级工作体系把各方力量统筹起来，凝聚起强大工作合力。我国社会主义制度非凡的组织动员能力、统筹协调能力、贯彻执行能力，我国坚实的经济实力、科技实力、综合国力，为成功办奥提供了强有力的底气和最坚实的保障！第三，坚持主动防范应对各种风险挑战。在世界百年未有之大变局叠加新冠肺炎世纪疫情背景下举办冬奥会、冬残奥会，面临的风险挑战前所未有。我们坚持底线思维、问题导向，增强忧患意识，把防范化解风险挑战摆在突出位置，把困难估计得更充分一些，把风险思考得更深入一些，下好先手棋，打好主动仗。我们全方位梳理排查各领域、各环节风险点，建立常态化工作机制，不断发现问题，及时研究解决，积极妥善应对，确保了赛事安全顺利举办。第四，坚持办赛和服务人民、促进发展相结合。北京冬奥会、冬残奥会的成功不仅在于赛事的成功，更在于通过筹办举办冬奥会、冬残奥会带动了各方面建设，为经济社会发展带来了深远的积极影响。我们坚持冬奥成果人民共享，通过推广普及冰雪运动带动全民健身走向纵深，通过产业发展助力脱贫攻坚，通过提升公共服务水平改善人民生活品质，让人民身心更健康、就业更充分、生活更美好，实现共同参与、共同尽力、共同享有。一位北京市民说：“我们都是普普通通的老百姓，让普通老百姓展示，是显示中国人站起来了，中国向世界展示中国强大了。”同志们、朋友们！伟大的事业孕育伟大的精神，伟大的精神推进伟大的事业。北京冬奥会、冬残奥会广大参与者珍惜伟大时代赋予的机遇，在冬奥申办、筹办、举办的过程中，共同创造了胸怀大局、自信开放、迎难而上、追求卓越、共创未来的北京冬奥精神。——胸怀大局，就是心系祖国、志存高远，把筹办举办北京冬奥会、冬残奥会作为“国之大者”，以为国争光为己任，以为国建功为光荣，勇于承担使命责任，为了祖国和人民团结一心、奋力拼搏。——自信开放，就是雍容大度、开放包容，坚持中国特色社会主义道路自信、理论自信、制度自信、文化自信，以创造性转化、创新性发展传递深厚文化底蕴，以大道至简彰显悠久文明理念，以热情好客展现中国人民的真诚友善，以文明交流促进世界各国人民相互理解和友谊。——迎难而上，就是苦干实干、坚韧不拔，保持知重负重、直面挑战的昂扬斗志，百折不挠克服困难、战胜风险，为了胜利勇往直前。——追求卓越，就是执着专注、一丝不苟，坚持最高标准、最严要求，精心规划设计，精心雕琢打磨，精心磨合演练，不断突破和创造奇迹。——共创未来，就是协同联动、紧密携手，坚持“一起向未来”和“更团结”相互呼应，面朝中国发展未来，面向人类发展未来，向世界发出携手构建人类命运共同体的热情呼唤。同志们、朋友们！7年磨一剑，砥砺再出发。北京冬奥会、冬残奥会是在全党全国各族人民向第二个百年奋斗目标迈进的关键时期举办的重大标志性活动。我们要积极谋划、接续奋斗，管理好、运用好北京冬奥遗产。北京冬奥会、冬残奥会既有场馆设施等物质遗产，也有文化和人才遗产，这些都是宝贵财富，要充分运用好，让其成为推动发展的新动能，实现冬奥遗产利用效益最大化。要继续推动冰雪运动普及发展，强化战略规划布局，建设利用好冰雪场地设施，发展冰雪产业，丰富群众冰雪赛事活动，把群众冰雪运动热情保持下去。要充分挖掘利用北京冬奥文化资源，坚定文化自信，更加自信从容传播中国声音、讲好中国故事。要弘扬人道主义精神，尊重和保障人权，完善残疾人社会保障制度和关爱服务体系，促进残疾人事业全面发展，支持和鼓励残疾人自强不息，正像一位视障运动员在赛场上所说：“我看不清世界，但我想让世界看到我。”要在全社会广泛弘扬奉献、友爱、互助、进步的志愿精神，更好发挥志愿服务的积极作用，促进社会文明进步。要弘扬奥林匹克精神，发挥奥林匹克促进人类和平发展的重要作用，为人类文明进步贡献更多中国智慧和中国力量。成功筹办举办北京冬奥会、冬残奥会，极大激发了亿万人民的体育热情，极大推动了我国体育事业发展。我们要坚持以增强人民体质、提高全民族身体素质和生活质量为目标，高度重视并充分发挥体育在促进人的全面发展中的重要作用，继续推进体育改革创新，加强体育科技研发，完善全民健身体系，增强广大人民群众特别是青少年体育健身意识，增强我国竞技体育的综合实力和国际竞争力，加快建设体育强国步伐。同志们、朋友们！圆梦冬奥会，一起向未来。让我们更加紧密地团结在党中央周围，发扬北京冬奥精神，以更加坚定的自信、更加坚决的勇气，向着实现第二个百年奋斗目标奋勇前进，向着实现中华民族伟大复兴的中国梦奋勇前进！
12,“三农”工作在新征程上仍极端重要须臾不可放松,坚持把解决好“三农”问题作为全党工作重中之重</strong>举全党全社会之力推动乡村振兴※</strong>习近平</span>明年我国将进入“十四五”时期，开启全面建设社会主义现代化国家新征程。在这个重要历史交汇点，召开中央农村工作会议，时机重要，意义重大。这次是我主动提出要来讲讲的，目的是向全党全社会发出明确信号：“三农”工作在新征程上仍然极端重要，须臾不可放松，务必抓紧抓实。下面，我讲几点意见。一、真抓实干做好新发展阶段“三农”工作</strong>我常讲，领导干部要胸怀党和国家工作大局。在向第二个百年奋斗目标迈进的历史关口，在脱贫攻坚目标任务已经完成的形势下，在新冠肺炎疫情加剧世界动荡变革的特殊时刻，巩固拓展脱贫攻坚成果，全面推进乡村振兴，加快农业农村现代化，是需要全党高度重视的一个关系大局的重大问题。——从中华民族伟大复兴战略全局看，民族要复兴，乡村必振兴。我国自古以农立国，创造了源远流长、灿烂辉煌的农耕文明，长期领先世界。纵览历朝历代，农业兴旺、农民安定，则国家统一、社会稳定；农业凋敝、农民不稳，则国家分裂、社会动荡。到了近代，列强入侵，内忧外患，农村荒凉，民不聊生。我们党成立以后，充分认识到中国革命的基本问题是农民问题，把为广大农民谋幸福作为重要使命，致力于使农民从政治压迫和经济剥削下解放出来。早在大革命时期，毛泽东同志就指出，“农民是中国无产阶级的最广大和最忠实的同盟军”；“农民问题乃国民革命的中心问题”。1936年，他在延安会见美国作家斯诺时说到，“谁赢得了农民，谁就会赢得了中国，谁解决土地问题，谁就会赢得农民”。新民主主义革命时期，我们党带领农民打土豪、分田地，经过艰苦卓绝的武装斗争，实现了亿万农民翻身得解放。新中国成立后，我们党组织农民重整山河、发展生产，进行了艰辛探索。改革开放以来，我们党领导农民率先拉开改革大幕，不断解放和发展农村社会生产力，推动农村全面进步，实现了由温饱不足向全面小康迈进的历史性跨越。党的十八大以来，我们坚持把解决好“三农”问题作为全党工作的重中之重，把脱贫攻坚作为全面建成小康社会的标志性工程，组织推进人类历史上规模空前、力度最大、惠及人口最多的脱贫攻坚战，启动实施乡村振兴战略，推动农业农村取得历史性成就、发生历史性变革。农业综合生产能力上了大台阶，粮食产量连续6年稳定在1.3万亿斤以上。农民人均收入较2010年翻一番多，农村民生显著改善，乡村面貌焕然一新。贫困地区发生翻天覆地的变化，解决困扰中华民族几千年的绝对贫困问题取得历史性成就，为全面建成小康社会作出了重大贡献，为开启全面建设社会主义现代化国家新征程奠定了坚实基础。这些成绩是全党全国共同奋斗的结果，大家都付出了艰辛努力。“农，天下之本，务莫大焉。”“务农重本，国之大纲。”历史和现实都告诉我们，农为邦本，本固邦宁。我们要坚持用大历史观来看待农业、农村、农民问题，只有深刻理解了“三农”问题，才能更好理解我们这个党、这个国家、这个民族。必须看到，全面建设社会主义现代化国家，实现中华民族伟大复兴，最艰巨最繁重的任务依然在农村，最广泛最深厚的基础依然在农村。尽管我们的“三农”工作取得了显著成就，但农业基础还不稳固，城乡区域发展和居民收入差距仍然较大，城乡发展不平衡、农村发展不充分仍是社会主要矛盾的集中体现。从现在到2035年，也就3个五年规划期，要抓紧行动起来。对农业农村现代化到2035年、本世纪中叶的目标任务，要科学分析、深化研究，把概念的内涵和外延搞清楚，科学提出我国农业农村现代化的目标任务。当前，首先要把“十四五”时期农业农村发展规划制定好。——从世界百年未有之大变局看，稳住农业基本盘、守好“三农”基础是应变局、开新局的“压舱石”。对我们这样一个拥有14亿人口的大国来说，“三农”向好，全局主动。当前，国际环境日趋复杂，不稳定性不确定性日益增加，新冠肺炎疫情影响广泛深远，经济全球化遭遇逆流，世界进入动荡变革期。对此，我们要有清醒认识，做好打持久战的准备。我反复强调要办好自己的事，其中很重要的一个任务就是始终立足自身抓好农业生产，以国内稳产保供的确定性来应对外部环境的不确定性。应对风险挑战，不仅要稳住农业这一块，还要稳住农村这一头。经济一有波动，首当其冲受影响的是农民工。2008年国际金融危机爆发，2000多万农民工返乡。今年受新冠肺炎疫情冲击和国际经济下行影响，一度有近3000万农民工留乡返乡。在这种情况下，社会大局能够保持稳定，没有出什么乱子，关键是农民在老家还有块地、有栋房，回去有地种、有饭吃、有事干，即使不回去心里也踏实。全面建设社会主义现代化国家是一个长期过程，农民在城里没有彻底扎根之前，不要急着断了他们在农村的后路，让农民在城乡间可进可退。这就是中国城镇化道路的特色，也是我们应对风险挑战的回旋余地和特殊优势。构建新发展格局是我们应对世界大变局的战略举措，也是我们顺应国内发展阶段变化、把握发展主动权的先手棋。把战略基点放在扩大内需上，农村有巨大空间，可以大有作为。几亿农民同步迈向全面现代化，能够释放出巨量的消费和投资需求。城乡经济循环是国内大循环的题中应有之义，也是确保国内国际双循环比例关系健康的关键因素。全党务必充分认识新发展阶段做好“三农”工作的重要性和紧迫性，坚持把解决好“三农”问题作为全党工作重中之重，举全党全社会之力推动乡村振兴，促进农业高质高效、乡村宜居宜业、农民富裕富足。二、巩固拓展脱贫攻坚成果</strong>经过几十年特别是近8年努力，我们如期完成脱贫攻坚目标任务，全党全国、各行各业特别是脱贫地区广大干部群众都付出了艰辛努力。脱贫攻坚取得胜利，充分彰显了党的领导和我国社会主义制度的政治优势，向全世界展现了我们党领导亿万人民创造的人间奇迹。现在，我们的使命就是全面推进乡村振兴，这是“三农”工作重心的历史性转移。要看到，相当一部分脱贫户基本生活有了保障，但收入水平仍然不高，脱贫基础还比较脆弱；一些边缘户本来就晃晃悠悠，稍遇到点风险变故马上就可能致贫；脱贫地区产业普遍搞起来了，但技术、资金、人才、市场等支撑还不强，有的地方甚至帮扶干部一撤，产业就可能垮掉。下一步，脱贫地区防止返贫的任务还很重，要做好巩固拓展脱贫攻坚成果同乡村振兴有效衔接，工作不留空档，政策不留空白，绝不能出现这边宣布全面脱贫，那边又出现规模性返贫。要健全防止返贫动态监测和帮扶机制，对易返贫致贫人口实施常态化监测，重点监测收入水平变化和“两不愁三保障”巩固情况，做到早发现、早干预、早帮扶，继续精准施策。对有劳动能力的，要坚持开发式帮扶方针，帮助他们用自己的双手勤劳致富，不能靠发钱养人，防止陷入福利陷阱、政策养懒汉。对没有劳动能力的人口，要做好兜底保障，及时纳入现有社保体系，并逐步提高保障水平。对脱贫地区产业帮扶还要继续，补上技术、设施、营销等短板，促进产业提挡升级。易地扶贫搬迁了近千万人，相当于一个中等国家的人口，很多大型集中安置区几乎是平地起新城。要强化易地搬迁后续扶持，多渠道促进就业，加强配套基础设施和公共服务，搞好社会管理，确保搬迁群众稳得住、有就业、逐步能致富。脱贫攻坚形成了庞大的扶贫资产，对这些资产要摸清底数、加强监管，确保持续发挥作用。党中央决定，脱贫攻坚目标任务完成后，对摆脱贫困的县，从脱贫之日起设立5年过渡期。过渡期内要保持主要帮扶政策总体稳定。对现有帮扶政策逐项分类优化调整，合理把握调整节奏、力度、时限，逐步实现由集中资源支持脱贫攻坚向全面推进乡村振兴平稳过渡。有关部门要对各领域具体政策进行梳理，出台操作性文件和工作方案。要坚持和完善向重点乡村选派驻村第一书记和工作队制度，继续坚持东西部协作、对口支援、社会帮扶等机制，并根据形势和任务变化及时完善。要平稳有序做好各级扶贫办机构职能的调整优化，确保思想不乱、工作不断、队伍不散、干劲不减。要压实责任，把巩固拓展脱贫攻坚成果纳入市县党政领导班子和领导干部推进乡村振兴战略实绩考核范围。三、牢牢把住粮食安全主动权</strong>“五谷者，万民之命，国之重宝。”我反复强调，粮食多一点少一点是战术问题，粮食安全是战略问题。今年应对新冠肺炎疫情，粮食和重要农副产品供给充裕功不可没，充分印证了这一点。我国粮食供求紧平衡的格局没有改变，结构性矛盾刚着手解决，总量不足问题又重新凸显。今后一个时期粮食需求还会持续增加，供求紧平衡将越来越紧，再加上国际形势复杂严峻，确保粮食安全的弦要始终绷得很紧很紧，宁可多生产、多储备一些，多了的压力和少了的压力不可同日而语。粮食生产年年要抓紧，面积、产量不能掉下来，供给、市场不能出问题。“民非谷不食，谷非地不生。”耕地是粮食生产的命根子。早在2013年，我就讲过要像保护大熊猫那样保护耕地，严防死守18亿亩耕地红线。这些年，我先后对清理整治大棚房、违建别墅、乱占耕地建房和遏制耕地“非农化”、防止“非粮化”等提出要求，有关部门打了一套组合拳。但是，耕地乱象仍屡禁不止。比如，一些地方占用基本农田大搞绿化造林、挖湖造景，一些地方在公路、铁路、河渠两旁占用良田建设几十米甚至几百米宽的绿化带。我们土地是不少，但同14亿人口的需求一比，又是稀缺资源！建城市、搞工业、保生态都要用地，必须精打细算，排出优先序，绝不能占用耕地和违背自然规律去搞造林绿化。各省区市现有用于粮食生产的耕地必须保住，不能再往下降了！保耕地，不仅要保数量，还要提质量。建设高标准农田是一个重要抓手，要坚定不移抓下去，提高建设标准和质量，真正实现旱涝保收、高产稳产。这个决心一定要下，该拿的钱一定要拿！要把黑土地保护作为一件大事来抓，把黑土地用好养好。要采取“长牙齿”的硬措施，落实最严格的耕地保护制度。对有令不行、有禁不止、失职渎职的，要严肃追究责任。耕地就那么多，稳产增产根本出路在科技。以生物技术和信息技术为特征的新一轮农业科技革命正在孕育大的突破，各国都在抢占制高点。作为一个农业大国，我们绝不能落后。要坚持农业科技自立自强，加快推进农业关键核心技术攻关。我反复思考，感到有一条必须明确，就是农业现代化，种子是基础。我在这次中央经济工作会议上专门强调了这个问题。这设备那设备，这条件那条件，没有良种难以实现农业现代化！大豆等种子讲了多少年，但突破进度还是很不理想。要拿出攻破“卡脖子”技术的干劲，明确方向和目标，加快实施农业生物育种重大科技项目，早日实现重要农产品的种源自主可控。有关部门要在严格监管、风险可控前提下，加快推进生物育种研发应用。要加快打通科技进村入户的通道，促进政府公益性服务和市场社会化服务协同发力。既要用物联网、大数据等现代信息技术发展智慧农业，也要加快补上烘干仓储、冷链保鲜、农业机械等现代农业物质装备短板，特别是要加大农业重要装备自主研制力度，加强动植物防疫检疫体系、防灾减灾体系等建设。调动农民种粮积极性，关键是让农民种粮有钱挣。这几年种粮成本增加、效益不高，不少地方甚至连年亏损。要稳定和加强种粮农民补贴，提升收储调控能力，坚持完善最低收购价政策，扩大完全成本保险和收入保险范围。现在，粮食生产一大软肋是生产成本偏高，解决办法还是要创新经营方式，要培育好家庭农场、农民合作社，发展适度规模经营，健全专业化社会化服务体系，把一家一户办不了、办起来不划算的事交给社会化服务组织来办。要加强农民农业生产技术和管理能力培训，促进管理现代化。地方各级党委和政府要扛起粮食安全的政治责任。这些年，我国粮食生产明显向主产区集中，这有其合理性，但集中过度也会带来风险。如果各地都只想吃饭不想种粮、只想吃肉不想养猪，那谁来保供给！不能把粮食当成一般商品，光算经济账、不算政治账，光算眼前账、不算长远账。主产区、主销区、产销平衡区都有责任保面积、保产量，饭碗要一起端、责任要一起扛。此乃国之大者！粮食安全要实行党政同责，“米袋子”省长要负责，书记也要负责。长期以来，产粮大省、大市、大县为保障国家粮食安全作出了重要贡献，值得表扬。要完善粮食主产区利益补偿机制，加大奖补力度，决不能让重农抓粮吃亏！现在，城乡居民食物消费结构在不断升级，今后农产品保供，既要保数量，也要保多样、保质量。要深入推进农业供给侧结构性改革，推动品种培优、品质提升、品牌打造和标准化生产。要继续抓好生猪生产恢复，促进产业稳定发展。像大豆、棉花、玉米、小麦等一些大宗农产品生产，要抓紧研究部署，该扩大产量的要果断下决心，不能让人家拿住我们！这是涉及国家安全的大事！要打好农产品贸易这张牌，但关键要控风险、可替代、有备手，实施农产品进口多元化战略，支持企业走出去，提高关键物流节点掌控能力，增强供应链韧性。保粮食安全要一个品种一个品种深入研究、制定方案、落实下去。制止餐饮浪费最近有所好转，必须长期抓下去，推动全社会形成勤俭节约的良好风尚。四、全面推进乡村振兴落地见效</strong>这几年，乡村振兴已经动起来了，各地进行了积极探索，也见到了一些成效，现在到了全面推开的时候了。全面实施乡村振兴战略的深度、广度、难度都不亚于脱贫攻坚，必须加强顶层设计，以更有力的举措、汇聚更强大的力量来推进。这里，我再强调几件事。第一，加快发展乡村产业。</strong>目前，各地乡村产业都有了一定基础，有些地方新产业新业态发展势头很好、很红火。今年我在陕西秦岭山区一个村看到，山沟沟里小木耳做成了大产业。我在山西大同也看到，围绕小黄花建成大基地，成了当地带动农民致富的支柱产业。但是，从全国面上看，乡村产业发展还处于初级阶段，主要问题是规模小、布局散、链条短，品种、品质、品牌水平都还比较低，一些地方产业同质化比较突出。要适应城乡居民消费需求，顺应产业发展规律，立足当地特色资源，拓展乡村多种功能，向广度深度进军，推动乡村产业发展壮大。现在，发展乡村产业，不像过去就是种几亩地、养几头猪，有条件的要通过全产业链拓展产业增值增效空间，创造更多就业增收机会。要积极发展农产品加工业，优化产业布局，推动农村由卖原字号向卖制成品转变，把增值收益更多留在县域。发展乡村旅游、休闲农业、文化体验、健康养老、电子商务等新产业新业态，既要有速度，更要高质量，实现健康可持续。发展乡村产业要让农民有活干、有钱赚。很多地方农业产业升级过程中，往往规模越来越大、用工越来越少、农户参与程度越来越低，这是市场自发作用的结果。但是，我们要把握好度，不能忘了农民这一头，要完善利益联结机制，通过“资源变资产、资金变股金、农民变股东”，尽可能让农民参与进来。要形成企业和农户产业链上优势互补、分工合作的格局，农户能干的尽量让农户干，企业干自己擅长的事，让农民更多分享产业增值收益。要把农业现代化示范区作为推进农业现代化的重要抓手，以县为单位开展创建，形成梯次推进农业现代化的格局。各地普遍反映，发展乡村产业还有很多政策堵点和痛点，最突出的是用地难、贷款难。乡村建设用地需要给一些新增建设用地指标，更要靠内部挖潜。要深化农村信用社改革，多渠道补充中小银行资本金，推动农村金融机构回归本源。一些地方搞的特色农产品保险，受到农民欢迎，这是个方向，要总结经验、加快推广。第二，加强社会主义精神文明建设。</strong>乡村不仅要塑形，更要铸魂。农村精神文明建设是滋润人心、德化人心、凝聚人心的工作，要绵绵用力，下足功夫。要加强农村思想道德建设，弘扬和践行社会主义核心价值观，推进农村思想政治工作，把农民群众精气神提振起来。要开展形式多样的群众文化活动，孕育农村社会好风尚。要普及科学知识，推进农村移风易俗，革除高价彩礼、人情攀比、厚葬薄养、铺张浪费等陈规陋习，反对迷信活动，推动形成文明乡风、良好家风、淳朴民风。要注重农村青少年教育问题和精神文化生活，完善工作举措，加大资源投入，促进他们健康成长。第三，加强农村生态文明建设。</strong>这些年，我们在生态文明建设上下了很大的功夫，农村生态环境持续好转，农业绿色发展进展明显。目前，治理农业面源污染、改善农村生态环境还处在治存量、遏增量的关口，正是吃劲的时候，松一篙，退千寻。要保持战略定力，制定更具体、更有操作性的举措，以钉钉子精神推进农业面源污染防治，抓好化肥农药减量、白色污染治理、畜禽粪便和秸秆资源化利用，加强土壤污染、地下水超采、水土流失等治理和修复。这些工作要同国家生态文明建设总体部署相配套，跟上节奏，不断取得实效。农业是个生态产业，农村是生态系统的重要一环。要健全草原森林河流湖泊休养生息制度，巩固退牧还草、退耕还林成果，开展大规模国土绿化行动，加强生物多样性保护。这方面要有个科学规划，荒山、沙漠、滩涂、森林、草原等治理要因地制宜、符合实际，不能都是一种套路。长江、黄河流域是生态文明建设的主战场，农业农村任务十分艰巨。长江流域要抓好十年禁渔，加强执法监督和市场监管，妥善解决好渔民转产转业和社会保障问题。黄河流域要抓好农业深度节水控水，因水施种，发展节水农业、旱作农业，把农业用水效率提上去、总量省出来。2030年前实现碳排放达峰、2060年前实现碳中和，农业农村减排固碳，既是重要举措，也是潜力所在，这方面要做好科学测算，制定可行方案，采取有力措施。第四，深化农村改革。</strong>全面推进乡村振兴，必须用好改革这一法宝。要加快推进农村重点领域和关键环节改革，激发农村资源要素活力。第二轮土地承包即将陆续到期，要抓好再延长30年试点，保持农村土地承包关系稳定并长久不变。农村宅基地改革要稳慎推进。要完成农村集体产权制度改革阶段性任务，用好改革成果，发展壮大新型农村集体经济。要完善农业支持保护制度，继续把农业农村作为一般公共预算优先保障领域。要深化供销合作社综合改革，完善体制、优化职能、转变作风，更好为“三农”服务。凡是涉及农民基本权益、牵一发而动全身的事情，必须看准了再改，保持历史耐心。要尊重基层和群众创造，鼓励地方积极地试、大胆地闯，用好试点试验手段，推动改革不断取得新突破。第五，实施乡村建设行动。</strong>今后一个时期，是我国乡村形态快速演变的阶段。建设什么样的乡村、怎样建设乡村，是摆在我们面前的一个重要课题。当前，扩内需、稳投资、搞建设，不能只盯着城镇。农村这块欠账还很多，投资空间很大。这几年，农村基础设施有了明显改善，但往村覆盖、往户延伸还存在明显薄弱环节。要继续把公共基础设施建设的重点放在农村，短板要加快补上。要在推进城乡基本公共服务均等化上持续发力，注重加强普惠性、兜底性、基础性民生建设。“十四五”时期，要接续推进农村人居环境整治提升行动，重点抓好改厕和污水、垃圾处理，健全生活垃圾处理长效机制。乡村建设要遵循城乡发展建设规律，做到先规划后建设。现在，农村人口向城镇集中是大趋势，村庄格局会继续演变分化。有的村庄会聚集更多的人口和产业，有的会逐步同城镇融合，有的会逐渐衰落。要合理确定村庄布局分类，看得准的先干起来，看不准的可以等一等。乡村建设要注重保护传统村落和乡村特色风貌，不要一个样式盖到头，一种颜色刷到底。有些地方就没把握好，有的盲目大拆大建，贪大求洋，搞大广场、造大景点；有的机械照搬城镇建设那一套，搞得城不像城、村不像村；有的超越发展阶段、违背农民意愿，搞大规模村庄撤并。乡村建设是为农民而建，必须真正把好事办好、把实事办实。乡村建设要抓紧干起来，稳扎稳打、久久为功。我在浙江工作时就是从“千村示范、万村整治”抓起，历届省委和省政府一张蓝图干到底，十多年的努力让乡村面貌发生了大变化。当然，各地情况不一样，要加强分类指导，不要一刀切、搞运动，不要干超越发展阶段的事。第六，推动城乡融合发展见实效。</strong>振兴乡村，不能就乡村论乡村，还是要强化以工补农、以城带乡，加快形成工农互促、城乡互补、协调发展、共同繁荣的新型工农城乡关系。当前，我国常住人口城镇化率已经突破了60%。今后15年是破除城乡二元结构、健全城乡融合发展体制机制的窗口期。要从规划编制、要素配置等方面提出更加明确的要求，强化统筹谋划和顶层设计。提高土地出让收益用于农业农村比例的政策已经出台，各地要抓好落实，不能玩数字游戏。农民进城务工是个大趋势，要把该打开的“城门”打开，促进农业转移人口市民化。农民进城要符合客观规律，保持历史耐心，不要大呼隆推进，更不要受不正确的政绩观所驱动。要把县域作为城乡融合发展的重要切入点，推进空间布局、产业发展、基础设施等县域统筹，把城乡关系摆布好处理好，一体设计、一并推进。要强化基础设施和公共事业县乡村统筹，加快形成县乡村功能衔接互补的建管格局，推动公共资源在县域内实现优化配置。要赋予县级更多资源整合使用的自主权，强化县城综合服务能力，把乡镇建设成为服务农民的区域中心。第七，加强和改进乡村治理。</strong>这次新冠肺炎疫情防控，对乡村治理也是一次大考，各地经受住了考验。目前，我国农村社会处于深刻变化和调整时期，出现了很多新情况新问题，虽然错综复杂，但归结起来就是一个“散”字。加强和改进乡村治理，要以保障和改善农村民生为优先方向，围绕让农民得到更好的组织引领、社会服务、民主参与，加快构建党组织领导的乡村治理体系。要巩固农村扫黑除恶专项斗争成果，形成持续打击的高压态势。要深入推进平安乡村建设，严厉打击把持基层政权、操纵破坏基层换届选举、侵吞集体资产等违法犯罪活动，依法制止利用宗教、邪教干预农村公共事务。要用好现代信息技术，创新乡村治理方式，提高乡村善治水平。五、加强党对“三农”工作的全面领导</strong>全面推进乡村振兴，必须健全党领导农村工作的组织体系、制度体系、工作机制，提高新时代党全面领导农村工作的能力和水平。去年，党中央下发了《中国共产党农村工作条例》，其中很重要的一条就是五级书记抓乡村振兴。各级党委要扛起政治责任，落实农业农村优先发展的方针，以更大力度推动乡村振兴。特别是县委书记要把主要精力放在“三农”工作上，当好乡村振兴的“一线总指挥”。乡村振兴牵涉的部门很多，县以上各级党委要发挥好农村工作领导小组牵头抓总、统筹协调作用，健全议事协调、督查考核等机制。这次机构改革把党委农办设在农业农村部门，目的就是加强党的领导。有的地方党委农村工作部门缺兵少将，运转起来疙疙瘩瘩。要抓紧充实力量、完善运转机制、切实予以加强。乡村振兴各项政策，最终要靠农村基层党组织来落实。这些年，我去过很多村，发现凡是发展得好的，都有一个好支部、好书记。明年乡镇、村将集中换届，要早做谋划、采取措施，选优配强乡镇领导班子、村“两委”成员特别是村党组织书记。要突出抓基层、强基础、固基本的工作导向，推动各类资源向基层下沉，为基层干事创业创造更好条件。当前，基层反映突出的一个问题就是“表海”“会海”泛滥，“打卡”“考核”一大堆，“上面千把锤、下面一颗钉”。这个事情党中央高度重视，进行了专项治理，情况有所好转，但还要下点猛药，常抓不懈。乡村振兴，关键在人、关键在干。必须建设一支政治过硬、本领过硬、作风过硬的乡村振兴干部队伍。要选派一批优秀干部到乡村振兴一线岗位，把乡村振兴作为培养锻炼干部的广阔舞台，对在艰苦地区、关键岗位工作表现突出的干部要优先重用。新发展阶段“三农”工作更加复杂，新情况新问题很多，要求更高。各级干部要加强理论学习和调查研究，增强做好“三农”工作的本领。要吸引各类人才在乡村振兴中建功立业。要广泛依靠农民、教育引导农民、组织带动农民，激发广大农民群众积极性、主动性、创造性，投身乡村振兴，建设美好家园。※这是习近平总书记2020年12月28日在中央农村工作会议上的讲话。
13,向奋战在新时代的英烈致敬,在中央政协工作会议暨庆祝中国人民政治协商会议成立70周年大会上的讲话</strong>（2019年9月20日）习近平</span>同志们，朋友们：</strong>在中华人民共和国成立70周年之际，召开这个会议，目的是庆祝中国人民政治协商会议成立70周年，回顾成绩、总结经验、坚定信心，部署新时代加强和改进人民政协工作。70年前的9月，在中国人民争取民族独立和人民解放取得历史性胜利的凯歌声中，中国人民政治协商会议第一届全体会议召开了。毛泽东同志在开幕词中豪迈地说，我们的工作将写在人类的历史上，它将表明：占人类总数四分之一的中国人从此站立起来了。在这里，我代表党中央，向中国人民政治协商会议成立70周年，表示热烈的祝贺！向参加人民政协的各党派团体、各族各界人士，向香港特别行政区同胞、澳门特别行政区同胞、台湾同胞和海外侨胞，致以诚挚的问候！此时此刻，我们深切怀念为民族独立、人民解放和国家富强、人民幸福而英勇奋斗的革命先辈和仁人志士，深切缅怀毛泽东同志、周恩来同志、邓小平同志、邓颖超同志、李先念同志等老一辈人民政协事业的卓越领导人。我们要永远铭记所有为人民政协事业和多党合作事业作出贡献的人们！同志们、朋友们！人民政协是中国共产党把马克思列宁主义统一战线理论、政党理论、民主政治理论同中国实际相结合的伟大成果，是中国共产党领导各民主党派、无党派人士、人民团体和各族各界人士在政治制度上进行的伟大创造。70年来，在中国共产党领导下，人民政协坚持团结和民主两大主题，服务党和国家中心任务，在建立新中国和社会主义革命、建设、改革各个历史时期发挥了十分重要的作用。中国人民政治协商会议第一届全体会议，代行全国人民代表大会职权，为新中国诞生作了全面准备。会议通过了具有临时宪法性质的中国人民政治协商会议共同纲领和中国人民政治协商会议组织法、中华人民共和国中央人民政府组织法，作出关于国都、国旗、国歌、纪年的决议，选举产生政协全国委员会和中央人民政府委员会。这也标志着人民政协制度正式确立。新中国成立后，人民政协为恢复和发展国民经济、巩固新生人民政权、完成社会主义革命、确立社会主义基本制度、推进社会主义建设作出了积极贡献。1954年全国人民代表大会召开后，人民政协继续在国家政治生活和社会生活中开展了卓有成效的工作。1978年党的十一届三中全会召开，人民政协事业发展进入了新时期。党中央进一步明确人民政协的性质、任务、主题、职能，推动人民政协性质和作用载入宪法，把中国共产党领导的多党合作和政治协商制度确立为我国的一项基本政治制度。人民政协认真贯彻党的理论和路线方针政策，努力调动一切积极因素，团结一切可以团结的力量，为推进改革开放和社会主义现代化建设作出了重要贡献。中国特色社会主义进入新时代，党中央对人民政协工作作出一系列重大部署。人民政协认真贯彻新时代中国特色社会主义思想，坚持人民政协性质定位，紧扣统筹推进“五位一体”总体布局、协调推进“四个全面”战略布局，积极投身实现“两个一百年”奋斗目标、实现中华民族伟大复兴中国梦的伟大实践，为党和国家事业发展凝心聚力，开拓了人民政协工作新局面。党的十八大以来，我们总结经验，对人民政协工作提出了一系列新要求，主要有以下几个方面。一是加强党对人民政协工作的领导。中国共产党的领导是包括各民主党派、各团体、各民族、各阶层、各界人士在内的全体中国人民的共同选择，是成立政协时的初心所在，是人民政协事业发展进步的根本保证。要把坚持党的领导贯穿到政协全部工作之中，切实落实党中央对人民政协工作的各项要求。二是准确把握人民政协性质定位。人民政协作为统一战线的组织、多党合作和政治协商的机构、人民民主的重要实现形式，是社会主义协商民主的重要渠道和专门协商机构，是国家治理体系的重要组成部分，是具有中国特色的制度安排。人民政协要坚持性质定位，坚定不移走中国特色社会主义政治发展道路。三是发挥好人民政协专门协商机构作用。协商民主是实现党的领导的重要方式，是我国社会主义民主政治的特有形式和独特优势。要发挥好人民政协专门协商机构作用，把协商民主贯穿履行职能全过程，坚持发扬民主和增进团结相互贯通、建言资政和凝聚共识双向发力，积极围绕贯彻落实党和国家重要决策部署情况开展民主监督。四是坚持和完善我国新型政党制度。中国共产党领导的多党合作和政治协商制度是我国的一项基本政治制度，是从中国土壤中生长出来的新型政党制度，人民政协要为民主党派和无党派人士在政协更好发挥作用创造条件。五是广泛凝聚人心和力量。人民政协要发挥统一战线组织功能，坚持大团结大联合，坚持一致性和多样性统一，不断巩固共同思想政治基础，加强思想政治引领，广泛凝聚共识，努力寻求最大公约数、画出最大同心圆，汇聚起实现民族复兴的磅礴力量。六是聚焦党和国家中心任务履职尽责。人民政协要以实现第一个百年奋斗目标、向第二个百年奋斗目标迈进为履职方向，以促进解决好发展不平衡不充分的问题为工作重点，紧紧围绕大局，瞄准抓重点、补短板、强弱项的重要问题，深入协商集中议政，强化监督助推落实。七是坚持人民政协为人民。人民政协要把不断满足人民对美好生活的需要、促进民生改善作为重要着力点，倾听群众呼声，反映群众愿望，抓住民生领域实际问题做好工作，协助党和政府增进人民福祉。八是以改革创新精神推进履职能力建设。人民政协要坚持改革创新，着力增强政治把握能力、调查研究能力、联系群众能力、合作共事能力。要加强委员队伍建设，教育引导委员懂政协、会协商、善议政，守纪律、讲规矩、重品行。70年的实践证明，人民政协制度具有多方面的独特优势。马克思、恩格斯说过：“民主是什么呢？它必须具备一定的意义，否则它就不能存在。因此全部问题就在于确定民主的真正意义。”实现民主政治的形式是丰富多彩的，不能拘泥于刻板的模式。实践充分证明，中国式民主在中国行得通、很管用。新形势下，我们必须把人民政协制度坚持好、把人民政协事业发展好，增强开展统一战线工作的责任担当，把更多的人团结在党的周围。同志们、朋友们！当今世界正在经历百年未有之大变局，实现中华民族伟大复兴正处于关键时期。越是接近目标，越是形势复杂，越是任务艰巨，越要发挥中国共产党领导的政治优势和中国特色社会主义的制度优势，把各方面智慧和力量凝聚起来，形成海内外中华儿女心往一处想、劲往一处使的强大合力。在新时代，加强和改进人民政协工作的总体要求是：以新时代中国特色社会主义思想为指导，增强“四个意识”、坚定“四个自信”、做到“两个维护”，把坚持和发展中国特色社会主义作为巩固共同思想政治基础的主轴，把服务实现“两个一百年”奋斗目标作为工作主线，把加强思想政治引领、广泛凝聚共识作为中心环节，坚持团结和民主两大主题，提高政治协商、民主监督、参政议政水平，更好凝聚共识，担负起把党中央决策部署和对人民政协工作要求落实下去、把海内外中华儿女智慧和力量凝聚起来的政治责任，为决胜全面建成小康社会、进而全面建设社会主义现代化强国作出贡献。当前和今后一个时期，人民政协尤其要抓好以下工作。第一，发挥人民政协专门协商机构作用。我说过，在中国社会主义制度下，有事好商量、众人的事情由众人商量，找到全社会意愿和要求的最大公约数，是人民民主的真谛。协商民主是党领导人民有效治理国家、保证人民当家作主的重要制度设计，同选举民主相互补充、相得益彰。人民政协在协商中促进广泛团结、推进多党合作、实践人民民主，既秉承历史传统，又反映时代特征，充分体现了我国社会主义民主有事多商量、遇事多商量、做事多商量的特点和优势。能听意见、敢听意见特别是勇于接受批评、改进工作，是有信心、有力量的表现。发展社会主义协商民主，要把民主集中制的优势运用好，发扬“团结—批评—团结”的优良传统，广开言路，集思广益，促进不同思想观点的充分表达和深入交流，做到相互尊重、平等协商而不强加于人，遵循规则、有序协商而不各说各话，体谅包容、真诚协商而不偏激偏执，形成既畅所欲言、各抒己见，又理性有度、合法依章的良好协商氛围。对各种意见和批评，只要坚持党的基本理论、基本路线、基本方略，就要让大家讲，哪怕刺耳、尖锐一些，我们也要采取闻过则喜的态度，做到有则改之、无则加勉。发挥人民政协专门协商机构作用，需要完善制度机制。要坚持党委会同政府、政协制定年度协商计划制度，完善协商于决策之前和决策实施之中的落实机制，对明确规定需要政协协商的事项必须经协商后提交决策实施，对协商的参加范围、讨论原则、基本程序、交流方式等作出规定。第二，加强思想政治引领、广泛凝聚共识。毛泽东同志说过，所谓政治，就是把拥护我们的人搞得多多的，把反对我们的人搞得少少的。我们党领导革命、建设、改革取得成功靠的就是这个。在新的时代条件下，我们要继续前进，就必须增进全国各族人民的大团结，调动一切可以调动的积极因素。要把大家团结起来，思想引领、凝聚共识就必不可少。人民政协要通过有效工作，努力成为坚持和加强党对各项工作领导的重要阵地、用党的创新理论团结教育引导各族各界代表人士的重要平台、在共同思想政治基础上化解矛盾和凝聚共识的重要渠道。要引导参加人民政协的各党派团体和各族各界人士深入学习党的创新理论，学习时事政策，学习中共党史、新中国史和统一战线历史、人民政协历史，树立正确的历史观和大局观。加强思想政治引领，要正确处理一致性和多样性的关系。一致性是共同思想政治基础的一致，多样性是利益多元、思想多样的反映，要在尊重多样性中寻求一致性，不要搞成“清一色”。要及时了解统一战线内部思想动态，把在一些敏感点、风险点、关切点上强化思想政治引领同经常性思想政治工作结合起来，求同存异、聚同化异，推动各党派团体和各族各界人士实现思想上的共同进步。人民政协要广泛联系和动员各界群众，协助党和政府做好协调关系、理顺情绪、化解矛盾的工作。要鼓励和支持委员深入基层、深入界别群众，及时反映群众意见和建议，深入宣传党和国家方针政策。实现中华民族伟大复兴的中国梦，需要广泛汇聚团结奋斗的正能量。要发挥人民政协作为实行新型政党制度重要政治形式和组织形式的作用，对各民主党派以本党派名义在政协发表意见、提出建议作出机制性安排。要健全同党外知识分子、非公有制经济人士、新的社会阶层人士的沟通联络机制。要全面贯彻党的民族政策和宗教政策，推动各民族交往交流交融，引导宗教与社会主义社会相适应。要全面准确贯彻“一国两制”、“港人治港”、“澳人治澳”、高度自治的方针，引导港澳委员支持特别行政区政府和行政长官依法施政，发展壮大爱国爱港爱澳力量。要坚持一个中国原则和“九二共识”，拓展同台湾岛内有关党派团体、社会组织、各界人士的交流交往，助推深化海峡两岸融合发展，坚决反对任何形式的“台独”分裂活动。要广泛团结海外侨胞，吸收侨胞代表参加政协活动。要积极开展对外交往，为推动构建人类命运共同体提供正能量。第三，强化委员责任担当。政协委员作为各党派团体和各族各界代表人士，由各方面郑重协商产生，代表各界群众参与国是、履行职责。这是荣誉，更是责任。广大政协委员要坚持为国履职、为民尽责的情怀，把事业放在心上，把责任扛在肩上，认真履行委员职责。政协委员来自方方面面，对一些问题的看法和认识不一定相同，但政治立场不能含糊、政治原则不能动摇。要学习贯彻党的基本理论、基本路线、基本方略，不断增进对中国共产党和中国特色社会主义的政治认同、思想认同、理论认同、情感认同。要不断提高思想水平和认识能力，广泛学习各方面知识，准确把握政协履职方式方法，深入调查研究，积极建言献策，全面增强履职本领。要发挥桥梁纽带作用，在界别群众中多做雪中送炭、扶贫济困的工作，多做春风化雨、解疑释惑的工作，多做理顺情绪、化解矛盾的工作。要自觉遵守宪法法律和政协章程，积极践行社会主义核心价值观，锤炼道德品行，严格廉洁自律，以模范行动展现新时代政协委员的风采。同志们、朋友们！各级党委要把人民政协工作纳入重要议事日程，坚持党委常委会会议定期听取政协党组工作、政协常委会工作情况汇报制度，对政协党组织执行党的路线方针政策等情况进行督促检查。要为政协组织开展工作创造有利条件，选优配强政协领导班子，重点解决市县政协基础工作薄弱、人员力量薄弱的问题。党委主要负责同志要带头参加政协重要活动，带头广交深交党外朋友。各级纪检监察机关和组织、宣传、统战等部门，政府及其有关部门，要加强同政协组织的联系配合，形成加强和改进人民政协工作的合力。关于新时代加强和改进人民政协工作，党中央将专门印发文件，大家要认真贯彻落实。政协党组要确保党中央大政方针和决策部署在人民政协得到贯彻落实。要加强政协系统党的建设，以党的政治建设为统领全面推进政协党的各项建设，以党的建设为引领推进政协机关建设。同志们、朋友们！70年前，在新中国的曙光喷薄而出之际，中国共产党顺应大势、团结各方，开启了协商建国、共创伟业的新纪元。70年后的今天，在同心共筑中国梦、携手奋进新时代的新长征路上，中国共产党将不忘初心、牢记使命，继续团结带领全国各族人民，加强大团结大联合，同心同德、共襄盛举。在这个历史进程中，人民政协使命光荣、责任重大。希望人民政协在党中央坚强领导下，坚定不移沿着中国特色社会主义道路前进，为实现“两个一百年”奋斗目标、实现中华民族伟大复兴的中国梦、实现人民对美好生活的向往而继续奋斗！
14,推动实现人民当家作主的初心和使命,在中央人大工作会议上的讲话</strong>（2021年10月13日）</strong></span>习近平</span>今年是我们党成立一百周年。100年前，中国共产党一经诞生，就把为中国人民谋幸福、为中华民族谋复兴确立为自己的初心和使命，为实现人民当家作主进行了不懈探索和奋斗。在新民主主义革命时期，我们党在根据地创建人民政权，为建立新型政治制度积累了实践经验。经过实践探索和理论思考，以毛泽东同志为主要代表的中国共产党人，创造性地提出实行人民代表大会制度的构想。1945年4月，毛泽东同志就说：“新民主主义的政权组织，应该采取民主集中制，由各级人民代表大会决定大政方针，选举政府。它是民主的，又是集中的，就是说，在民主基础上的集中，在集中指导下的民主。只有这个制度，才既能表现广泛的民主，使各级人民代表大会有高度的权力；又能集中处理国事，使各级政府能集中地处理被各级人民代表大会所委托的一切事务，并保障人民的一切必要的民主活动。”经过长期浴血奋战和艰苦斗争，我们党领导人民建立了中华人民共和国，完成了民族独立、人民解放的历史任务，亿万人民翻身作主，成为国家和社会的主人。1954年9月，一届全国人大一次会议召开，通过了《中华人民共和国宪法》，标志着人民代表大会制度这一国家根本政治制度正式建立。改革开放以来，我们党坚定不移推进社会主义民主法治建设，坚持中国特色社会主义政治发展道路，不断健全我国选举制度、国家机构制度体系、基层民主制度、人大组织制度和议事规则，人民代表大会制度焕发出新的生机活力。党的十八大以来，我们党立足新的历史方位，深刻把握我国社会主要矛盾发生的新变化，积极回应人民群众对民主法治的新要求新期盼，着力推进国家治理体系和治理能力现代化，健全人民当家作主制度体系，加强基层政权建设，改进人大代表工作，人大工作取得历史性成就，人民代表大会制度更加成熟、更加定型。60多年来特别是改革开放40多年来，人民代表大会制度为党领导人民创造经济快速发展奇迹和社会长期稳定奇迹提供了重要制度保障。实践证明，人民代表大会制度是符合我国国情和实际、体现社会主义国家性质、保证人民当家作主、保障实现中华民族伟大复兴的好制度，是我们党领导人民在人类政治制度史上的伟大创造，是在我国政治发展史乃至世界政治发展史上具有重大意义的全新政治制度。人民代表大会制度，坚持中国共产党领导，坚持马克思主义国家学说的基本原则，适应人民民主专政的国体，有效保证国家沿着社会主义道路前进。人民代表大会制度，坚持国家一切权力属于人民，最大限度保障人民当家作主，把党的领导、人民当家作主、依法治国有机统一起来，有效保证国家治理跳出治乱兴衰的历史周期率。人民代表大会制度，正确处理事关国家前途命运的一系列重大政治关系，实现国家统一高效组织各项事业，维护国家统一和民族团结，有效保证国家政治生活既充满活力又安定有序。党的十八大以来，党中央统筹中华民族伟大复兴战略全局和世界百年未有之大变局，从坚持和完善党的领导、巩固中国特色社会主义制度的战略高度出发，继续推进人民代表大会制度理论和实践创新，提出一系列新理念新思想新要求，主要有以下几个方面。一是必须坚持中国共产党领导。坚持党总揽全局、协调各方的领导核心作用，坚决维护党中央权威和集中统一领导，保证党的理论、路线、方针政策和决策部署在国家工作中得到全面贯彻和有效执行，支持和保证国家政权机关依照宪法法律积极主动、独立负责、协调一致开展工作。要加强和改善党的领导，善于使党的主张通过法定程序成为国家意志，善于使党组织推荐的人选通过法定程序成为国家政权机关的领导人员，善于通过国家政权机关实施党对国家和社会的领导，维护党和国家权威、维护全党全国团结统一。二是必须坚持用制度体系保障人民当家作主。坚持以人民为中心，坚持国家一切权力属于人民，支持和保证人民通过人民代表大会行使国家权力，健全民主制度，丰富民主形式，拓宽民主渠道，保证人民平等参与、平等发展权利，发展更加广泛、更加充分、更加健全的全过程人民民主。三是必须坚持全面依法治国。坚持走中国特色社会主义法治道路，建设中国特色社会主义法治体系，建设社会主义法治国家，弘扬社会主义法治精神，依照宪法法律推进国家各项事业和各项工作，维护社会公平正义，尊重和保障人权，实现国家各项工作法治化。四是必须坚持民主集中制。坚持人民通过人民代表大会统一行使国家权力，各级人民代表大会由民主选举产生，对人民负责，受人民监督；各级国家行政机关、监察机关、审判机关、检察机关都由人民代表大会产生，对人大负责，受人大监督；实行决策权、执行权、监督权既合理分工又相互协调，保证国家机关依照法定权限和程序行使职权、履行职责；坚持在党中央统一领导下，充分发挥地方主动性和积极性，保证国家统一高效组织推进各项事业。五是必须坚持中国特色社会主义政治发展道路。坚持党的领导、人民当家作主、依法治国有机统一，核心是坚持党的领导。人民代表大会制度是坚持党的领导、人民当家作主、依法治国有机统一的根本政治制度安排，保证党领导人民依法有效治理国家。可以借鉴人类政治文明的有益成果，但绝不照搬西方政治制度模式。六是必须坚持推进国家治理体系和治理能力现代化。人民代表大会制度是中国特色社会主义制度的重要组成部分，也是国家治理体系的重要组成部分。要坚持和完善人民当家作主制度体系，不断推进社会主义民主政治制度化、规范化、程序化，更好把制度优势转化为治理效能。当今世界正经历百年未有之大变局，制度竞争是综合国力竞争的重要方面，制度优势是一个国家赢得战略主动的重要优势。历史和现实都表明，制度稳则国家稳，制度强则国家强。党的十八大和十九大都对加强人民代表大会制度、做好人大工作作出重要部署。在全面建设社会主义现代化国家新征程上，我们要毫不动摇坚持、与时俱进完善人民代表大会制度，加强和改进新时代人大工作。第一，全面贯彻实施宪法，维护宪法权威和尊严。</strong>古人说：“法者，国之权衡也，时之准绳也。”宪法是国家的根本法，是党和人民意志的集中体现，具有最高的法律地位、法律权威、法律效力。我多次强调，维护宪法权威，就是维护党和人民共同意志的权威；捍卫宪法尊严，就是捍卫党和人民共同意志的尊严；保证宪法实施，就是保证人民根本利益的实现。全国各族人民、一切国家机关和武装力量、各政党和各社会团体、各企业事业组织，都必须以宪法为根本活动准则，并且负有维护宪法尊严、保证宪法实施的职责。任何组织和个人都不得有超越宪法法律的特权，一切违反宪法法律的行为都必须予以追究和纠正。坚持依法治国首先要坚持依宪治国，坚持依法执政首先要坚持依宪执政。坚持依宪治国、依宪执政，就必须坚持宪法确定的中国共产党领导地位不动摇，坚持宪法确定的人民民主专政的国体和人民代表大会制度的政体不动摇。全面贯彻实施宪法是建设社会主义法治国家的首要任务和基础性工作，也是坚持和完善人民代表大会制度的必然要求。要以宪法为根本活动准则，用科学有效、系统完备的制度体系保证宪法实施，加强宪法监督，弘扬宪法精神，切实维护宪法的权威和尊严。党领导人民制定和实施宪法法律，党自身必须在宪法法律范围内活动。各级人大、政府、监委、法院、检察院都要严格依照宪法法律积极主动、独立负责、协调一致开展工作。全国人大及其常委会要完善宪法相关法律制度，保证宪法确立的制度、原则、规则得到全面实施；加强对宪法法律实施情况的监督检查，提高合宪性审查、备案审查工作质量，坚决纠正违宪违法行为；落实宪法解释程序机制，积极回应涉及宪法有关问题的关切。要健全中央依照宪法和特别行政区基本法对特别行政区行使全面管治权的法律制度，完善特别行政区同宪法和基本法实施相关的制度和机制，维护宪法和基本法确定的特别行政区宪制秩序和法治秩序。地方各级人大及其常委会要依法行使职权，保证宪法法律在本行政区域内得到遵守和执行，自觉维护国家法治统一。第二，加快完善中国特色社会主义法律体系，以良法促进发展、保障善治。</strong>“立善法于天下，则天下治；立善法于一国，则一国治。”改革开放以来，在党的领导下，经过各方面努力，我国用30多年时间形成了中国特色社会主义法律体系，这是人类法治史上一项了不起的成就。同时，也要看到，时代在进步，实践在发展，不断对法律体系建设提出新需求，法律体系必须与时俱进加以完善。要加强党对立法工作的集中统一领导，完善党委领导、人大主导、政府依托、各方参与的立法工作格局。要把改革发展决策同立法决策更好结合起来，既通过深化改革完善法治，又通过更完善的法治保障各领域改革创新，确保国家发展、重大改革于法有据。要统筹推进国内法治和涉外法治，统筹发展和安全，推动我国法域外适用的法律体系建设，用法治方式有效应对挑战、防范风险，维护国家主权、安全、发展利益。要坚持系统观念，统筹立改废释纂，全面完善法律、行政法规、监察法规、地方性法规体系。全国人大及其常委会是国家立法机关，要在确保质量的前提下加快立法工作步伐，增强立法的系统性、整体性、协同性，使法律体系更加科学完备、统一权威。要加强重点领域、新兴领域、涉外领域立法，注重将社会主义核心价值观融入立法，健全国家治理急需、满足人民日益增长的美好生活需要必备的法律制度。要在条件成熟的立法领域继续开展法典编纂工作。良法是善治的前提。“法非从天下，非从地出，发于人间，合乎人心而已。”要抓住提高立法质量这个关键，发挥好人大及其常委会在立法工作中的主导作用，坚持尊重和体现客观规律，坚持为了人民、依靠人民，坚持严格依照法定权限和法定程序，深入推进科学立法、民主立法、依法立法。要丰富立法形式，增强立法的针对性、适用性、可操作性。要严格按照法定权限和程序制定行政法规、监察法规、部门规章，保证法规、规章的质量。有立法权的地方人大要严格遵循立法权限，围绕贯彻落实党中央大政方针和决策部署，做好地方立法工作，着力解决实际问题。第三，用好宪法赋予人大的监督权，实行正确监督、有效监督、依法监督。</strong>人民代表大会制度的重要原则和制度设计的基本要求，就是任何国家机关及其工作人员的权力都要受到监督和制约。要更好发挥人大监督在党和国家监督体系中的重要作用，让人民监督权力，让权力在阳光下运行，用制度的笼子管住权力，用法治的缰绳驾驭权力。各级人大及其常委会要把宪法法律赋予的监督权用起来，实行正确监督、有效监督、依法监督，维护国家法治统一、尊严、权威，确保法律法规得到有效实施，确保行政权、监察权、审判权、检察权依法正确行使。在我国政治体制中，人大对于“一府一委两院”具有监督作用，推动各国家机关形成工作合力。要坚持围绕中心、服务大局、突出重点，聚焦党中央重大决策部署，聚焦人民群众所思所盼所愿，推动解决制约经济社会发展的突出矛盾和问题。人大要统筹运用法定监督方式，加强对法律法规实施情况的监督，确保各国家机关都在宪法法律范围内履行职责、开展工作。要完善人大监督制度，健全人大对执法司法工作监督的机制和方式。各级“一府一委两院”要严格执行人大及其常委会制定的法律法规和作出的决议决定，依法报告工作，自觉接受人大监督。第四，充分发挥人大代表作用，做到民有所呼、我有所应。</strong>“为政之要，以顺民心为本。”人民代表大会制度之所以具有强大生命力和显著优越性，关键在于深深植根于人民之中。一切国家机关和国家工作人员必须牢固树立人民公仆意识，把人民放在心中最高位置，保持同人民的密切联系，倾听人民意见和建议，接受人民监督，努力为人民服务。要丰富人大代表联系人民群众的内容和形式，拓宽联系渠道，积极回应社会关切，更好接地气、察民情、聚民智、惠民生。各级人大常委会要加强代表工作能力建设，支持和保障代表更好依法履职，使发挥各级人大代表作用成为人民当家作主的重要体现。人大代表肩负人民赋予的光荣职责，要忠实代表人民利益和意志，依法参加行使国家权力。要站稳政治立场，履行政治责任，加强思想、作风建设，模范遵守宪法法律，做政治上的明白人。要充分发挥来自人民、扎根人民的特点优势，密切同人民群众的联系，当好党和国家联系人民群众的桥梁，最大限度调动积极因素、化解消极因素，展现新时代人大代表的风采。第五，强化政治机关意识，加强人大自身建设。</strong>各级人大及其常委会要增强“四个意识”、坚定“四个自信”、做到“两个维护”，不断提高政治判断力、政治领悟力、政治执行力，全面加强自身建设，成为自觉坚持中国共产党领导的政治机关、保证人民当家作主的国家权力机关、全面担负宪法法律赋予的各项职责的工作机关、始终同人民群众保持密切联系的代表机关。要优化人大常委会、专门委员会组成人员结构，打造政治坚定、服务人民、尊崇法治、发扬民主、勤勉尽责的人大工作队伍。要加强纪律作风建设，既严格履行法定职责，遵守法定程序，又坚决防止形式主义、官僚主义，提高人大工作实效。第六，加强党对人大工作的全面领导。</strong>人民代表大会制度是党领导国家政权机关的重要制度载体，也是党在国家政权中充分发扬民主、贯彻群众路线的重要实现形式。各级党委要把人大工作摆在重要位置，完善党领导人大工作的制度，定期听取人大常委会党组工作汇报，研究解决人大工作中的重大问题。要支持人大及其常委会依法行使职权、开展工作，指导和督促“一府一委两院”自觉接受人大监督。要加强人大常委会领导班子和人大工作队伍建设，推动人大干部同党政部门、司法部门干部之间的合理交流。党的各级组织、宣传等部门要加强同人大有关方面的协调配合，形成做好新时代人大工作的强大合力。各级人大常委会党组要认真执行党的领导各项制度，落实好全面从严治党主体责任。民主是全人类的共同价值，是中国共产党和中国人民始终不渝坚持的重要理念。如何把民主价值和理念转化为科学有效的制度安排，转化为具体现实的民主实践，需要注重历史和现实、理论和实践、形式和内容有机统一，找到正确的体制机制和方式方法。我说过，评价一个国家政治制度是不是民主的、有效的，主要看国家领导层能否依法有序更替，全体人民能否依法管理国家事务和社会事务、管理经济和文化事业，人民群众能否畅通表达利益要求，社会各方面能否有效参与国家政治生活，国家决策能否实现科学化、民主化，各方面人才能否通过公平竞争进入国家领导和管理体系，执政党能否依照宪法法律规定实现对国家事务的领导，权力运用能否得到有效制约和监督。民主不是装饰品，不是用来做摆设的，而是要用来解决人民需要解决的问题的。一个国家民主不民主，关键在于是不是真正做到了人民当家作主，要看人民有没有投票权，更要看人民有没有广泛参与权；要看人民在选举过程中得到了什么口头许诺，更要看选举后这些承诺实现了多少；要看制度和法律规定了什么样的政治程序和政治规则，更要看这些制度和法律是不是真正得到了执行；要看权力运行规则和程序是否民主，更要看权力是否真正受到人民监督和制约。如果人民只有在投票时被唤醒、投票后就进入休眠期，只有竞选时聆听天花乱坠的口号、竞选后就毫无发言权，只有拉票时受宠、选举后就被冷落，这样的民主不是真正的民主。总之，民主是各国人民的权利，而不是少数国家的专利。一个国家是不是民主，应该由这个国家的人民来评判，而不应该由外部少数人指手画脚来评判。国际社会哪个国家是不是民主的，应该由国际社会共同来评判，而不应该由自以为是的少数国家来评判。实现民主有多种方式，不可能千篇一律。用单一的标尺衡量世界丰富多彩的政治制度，用单调的眼光审视人类五彩缤纷的政治文明，本身就是不民主的。中国共产党始终高举人民民主的旗帜，始终坚持以下基本观点：一是人民民主是社会主义的生命，没有民主就没有社会主义，就没有社会主义的现代化，就没有中华民族伟大复兴。二是人民当家作主是社会主义民主政治的本质和核心，发展社会主义民主政治就是要体现人民意志、保障人民权益、激发人民创造活力，用制度体系保证人民当家作主。三是中国特色社会主义政治发展道路是符合中国国情、保证人民当家作主的正确道路，是近代以来中国人民长期奋斗历史逻辑、理论逻辑、实践逻辑的必然结果，是坚持党的本质属性、践行党的根本宗旨的必然要求。四是人民通过选举、投票行使权利和人民内部各方面在重大决策之前进行充分协商，尽可能就共同性问题取得一致意见，是中国社会主义民主的两种重要形式，共同构成了中国社会主义民主政治的制度特点和优势。五是发展社会主义民主政治关键是要把我国社会主义民主政治的特点和优势充分发挥出来，不断推进社会主义民主政治制度化、规范化、程序化，为党和国家兴旺发达、长治久安提供更加完善的制度保障。邓小平同志说：“资本主义社会讲的民主是资产阶级的民主，实际上是垄断资本的民主，无非是多党竞选、三权鼎立、两院制。我们的制度是人民代表大会制度，共产党领导下的人民民主制度，不能搞西方那一套。社会主义国家有个最大的优越性，就是干一件事情，一下决心，一做出决议，就立即执行，不受牵扯。”党的十八大以来，我们深化对民主政治发展规律的认识，提出全过程人民民主的重大理念。我国全过程人民民主不仅有完整的制度程序，而且有完整的参与实践。我国实行工人阶级领导的、以工农联盟为基础的人民民主专政的国体，实行人民代表大会制度的政体，实行中国共产党领导的多党合作和政治协商制度、民族区域自治制度、基层群众自治制度等基本政治制度，巩固和发展最广泛的爱国统一战线，形成了全面、广泛、有机衔接的人民当家作主制度体系，构建了多样、畅通、有序的民主渠道。全体人民依法实行民主选举、民主协商、民主决策、民主管理、民主监督，依法通过各种途径和形式管理国家事务，管理经济和文化事业，管理社会事务。我国全过程人民民主实现了过程民主和成果民主、程序民主和实质民主、直接民主和间接民主、人民民主和国家意志相统一，是全链条、全方位、全覆盖的民主，是最广泛、最真实、最管用的社会主义民主。我们要继续推进全过程人民民主建设，把人民当家作主具体地、现实地体现到党治国理政的政策措施上来，具体地、现实地体现到党和国家机关各个方面各个层级工作上来，具体地、现实地体现到实现人民对美好生活向往的工作上来。人民代表大会制度是实现我国全过程人民民主的重要制度载体。要在党的领导下，不断扩大人民有序政治参与，加强人权法治保障，保证人民依法享有广泛权利和自由。要保证人民依法行使选举权利，民主选举产生人大代表，保证人民的知情权、参与权、表达权、监督权落实到人大工作各方面各环节全过程，确保党和国家在决策、执行、监督落实各个环节都能听到来自人民的声音。要完善人大的民主民意表达平台和载体，健全吸纳民意、汇集民智的工作机制，推进人大协商、立法协商，把各方面社情民意统一于最广大人民根本利益之中。要加强对中国特色社会主义民主、对人民代表大会制度的研究宣传工作，讲清楚我国政治制度的特点和优势，讲好中国民主故事。坚持和完善人民代表大会制度，是全党全社会的共同责任。全党全国各族人民要坚定中国特色社会主义制度自信，不断坚持和完善人民代表大会制度，不断巩固和发展生动活泼、安定团结的政治局面，为人类政治文明进步作出充满中国智慧的贡献！
15,更好推进中国特色社会主义法治体系建设,坚持走中国特色社会主义法治道路</strong>更好推进中国特色社会主义法治体系建设※</strong>习近平</span>今天，中央政治局进行第三十五次集体学习，内容是建设中国特色社会主义法治体系。安排这次学习，目的是总结中国特色社会主义法治体系建设成效，分析存在的问题和不足，坚持走中国特色社会主义法治道路，更好推进中国特色社会主义法治体系建设。“法度者，正之至也。”我们党自成立之日起就高度重视法治建设。新民主主义革命时期，我们党制定了《中华苏维埃共和国宪法大纲》和大量法律法令，创造了“马锡五审判方式”，为建立新型法律制度积累了实践经验。社会主义革命和建设时期，我们党领导人民制定了宪法和国家机构组织法、选举法、婚姻法等一系列重要法律法规，建立起社会主义法制框架体系，确立了社会主义司法制度。改革开放和社会主义现代化建设时期，我们党提出“有法可依、有法必依、执法必严、违法必究”的方针，确立依法治国基本方略，把建设社会主义法治国家确定为社会主义现代化的重要目标，逐步形成以宪法为核心的中国特色社会主义法律体系。党的十八大以来，党中央把全面依法治国纳入“四个全面”战略布局予以有力推进，对全面依法治国作出一系列重大决策部署，组建中央全面依法治国委员会，完善党领导立法、保证执法、支持司法、带头守法制度，基本形成全面依法治国总体格局。党的十八届四中全会明确提出全面推进依法治国的总目标是建设中国特色社会主义法治体系、建设社会主义法治国家。我们抓住法治体系建设这个总抓手，坚持党的领导、人民当家作主、依法治国有机统一，坚持依法治国、依法执政、依法行政共同推进，坚持法治国家、法治政府、法治社会一体建设，全面深化法治领域改革，统筹推进法律规范体系、法治实施体系、法治监督体系、法治保障体系和党内法规体系建设，推动中国特色社会主义法治体系建设取得历史性成就。同时，我们也要看到，我国法治体系还存在一些短板和不足，主要是：法律规范体系不够完备，重点领域、新兴领域相关法律制度存在薄弱点和空白区；法治实施体系不够高效，执法司法职权运行机制不够科学；法治监督体系不够严密，各方面监督没有真正形成合力；法治保障体系不够有力，法治专门队伍建设有待加强；涉外法治短板比较明显，等等。这些问题，必须抓紧研究解决。我多次强调，法治兴则民族兴，法治强则国家强。当前，我国正处在实现中华民族伟大复兴的关键时期，世界百年未有之大变局加速演进，改革发展稳定任务艰巨繁重，对外开放深入推进，需要更好发挥法治固根本、稳预期、利长远的作用。从国内看，我们已经踏上了全面建设社会主义现代化国家、向第二个百年奋斗目标进军的新征程，立足新发展阶段，贯彻新发展理念，构建新发展格局，推动高质量发展，满足人民对民主、法治、公平、正义、安全、环境等方面日益增长的要求，提高人民生活品质，促进共同富裕，都对法治建设提出了新的更高要求。我们必须提高全面依法治国能力和水平，为全面建设社会主义现代化国家、实现第二个百年奋斗目标提供有力法治保障。从国际看，世界进入动荡变革期，国际竞争越来越体现为制度、规则、法律之争。我们必须加强涉外法律法规体系建设，提升涉外执法司法效能，坚决维护国家主权、安全、发展利益。建设中国特色社会主义法治体系，要顺应事业发展需要，坚持系统观念，全面加以推进。当前和今后一个时期，要着力抓好以下几方面工作。第一，坚持法治体系建设正确方向。</strong>我讲过，全面推进依法治国这件大事能不能办好，最关键的是方向是不是正确、政治保证是不是坚强有力，具体讲就是要坚持党的领导，坚持中国特色社会主义制度，贯彻中国特色社会主义法治理论。中国特色社会主义法治体系是中国特色社会主义制度的重要组成部分，必须牢牢把握中国特色社会主义这个定性，坚定不移走中国特色社会主义法治道路，正确处理政治和法治、改革和法治、依法治国和以德治国、依法治国和依规治党的关系，在坚持党的全面领导、保证人民当家作主等重大问题上做到头脑特别清晰、立场特别坚定。要始终坚持以人民为中心，坚持法治为了人民、依靠人民、造福人民、保护人民，把体现人民利益、反映人民愿望、维护人民权益、增进人民福祉落实到法治体系建设全过程。我们要建设的中国特色社会主义法治体系，必须是扎根中国文化、立足中国国情、解决中国问题的法治体系，不能被西方错误思潮所误导。第二，加快重点领域立法。</strong>古人讲：“立善法于天下，则天下治；立善法于一国，则一国治。”要加强国家安全、科技创新、公共卫生、生物安全、生态文明、防范风险等重要领域立法，加快数字经济、互联网金融、人工智能、大数据、云计算等领域立法步伐，努力健全国家治理急需、满足人民日益增长的美好生活需要必备的法律制度。要发挥依规治党对党和国家事业发展的政治保障作用，形成国家法律和党内法规相辅相成的格局。要聚焦人民群众急盼，加强民生领域立法。对人民群众反映强烈的电信网络诈骗、新型毒品犯罪和“邪教式”追星、“饭圈”乱象、“阴阳合同”等娱乐圈突出问题，要从完善法律入手进行规制，补齐监管漏洞和短板，决不能放任不管。这些年来，资本无序扩张问题比较突出，一些平台经济、数字经济野蛮生长、缺乏监管，带来了很多问题。要加快推进反垄断法、反不正当竞争法等修订工作，加快完善相关法律制度。毛泽东同志说过：“搞宪法是搞科学。”要抓住立法质量这个关键，深入推进科学立法、民主立法、依法立法，统筹立改废释纂，提高立法效率，增强立法系统性、整体性、协同性。维护国家法治统一是严肃的政治问题，各级立法机构和工作部门要遵循立法程序、严守立法权限，切实避免越权立法、重复立法、盲目立法，有效防止部门利益和地方保护主义影响。“天下之事，不难于立法，而难于法之必行。”推进法治体系建设，重点和难点在于通过严格执法、公正司法、全民守法，推进法律正确实施，把“纸上的法律”变为“行动中的法律”。要健全法律面前人人平等保障机制，维护国家法制统一、尊严、权威，一切违反宪法法律的行为都必须予以追究。各级党组织和领导干部都要旗帜鲜明支持司法机关依法独立行使职权，绝不容许利用职权干预司法、插手案件。第三，深化法治领域改革。</strong>当前，法治领域存在的一些突出矛盾和问题，原因在于改革还没有完全到位。要围绕让人民群众在每一项法律制度、每一个执法决定、每一宗司法案件中都感受到公平正义这个目标，深化司法体制综合配套改革，加快建设公正高效权威的社会主义司法制度。要健全社会公平正义法治保障制度，完善公益诉讼制度，健全执法权、监察权、司法权运行机制，加强权力制约和监督。要加快构建系统完备、规范高效的执法司法制约监督体系，加强对立法权、执法权、监察权、司法权的监督，健全纪检监察机关、公安机关、检察机关、审判机关、司法行政机关各司其职，侦查权、检察权、审判权、执行权相互制约的体制机制，确保执法司法各环节、全过程在有效制约监督下进行。要加强统筹谋划，完善法治人才培养体系，加快发展律师、公证、司法鉴定、仲裁、调解等法律服务队伍，着力建设一支忠于党、忠于国家、忠于人民、忠于法律的社会主义法治工作队伍。要深化执法司法人员管理体制改革，加强法治专门队伍管理教育和培养。要深化政法队伍教育整顿，继续依法打击执法司法领域腐败行为，推动扫黑除恶常态化。需要强调的是，法治领域改革政治性、政策性强，必须把握原则、坚守底线，决不能把改革变成“对标”西方法治体系、“追捧”西方法治实践。第四，运用法治手段开展国际斗争。</strong>党的十八大以来，我们统筹推进国内法治和涉外法治，运用法治方式维护国家和人民利益能力明显提升。要坚持统筹推进国内法治和涉外法治，按照急用先行原则，加强涉外领域立法，进一步完善反制裁、反干涉、反制“长臂管辖”法律法规，推动我国法域外适用的法律体系建设。要把拓展执法司法合作纳入双边多边关系建设的重要议题，延伸保护我国海外利益的安全链。要加强涉外法治人才建设。第五，加强法治理论研究和宣传。</strong>我们总结中国特色社会主义法治实践规律，传承中华法律文化精华，汲取世界法治文明有益成果，形成了全面依法治国新理念新举措。我在中央全面依法治国工作会议上概括为“十一个坚持”。要加强对我国法治的原创性概念、判断、范畴、理论的研究，加强中国特色法学学科体系、学术体系、话语体系建设。要把新时代中国特色社会主义法治思想落实到各法学学科的教材编写和教学工作中，推动进教材、进课堂、进头脑，努力培养造就更多具有坚定理想信念、强烈家国情怀、扎实法学根底的法治人才。要加强对律师队伍的政治引领，教育引导广大律师自觉遵守拥护中国共产党领导、拥护我国社会主义法治等从业基本要求，努力做党和人民满意的好律师。要把推进全民守法作为基础工程，全面落实“谁执法谁普法”普法责任制。各级领导干部要带头尊法学法守法用法，引导广大群众自觉守法、遇事找法、解决问题靠法。要总结我国法治体系建设和法治实践的经验，阐发我国优秀传统法治文化，讲好中国法治故事，提升我国法治体系和法治理论的国际影响力和话语权。各级党委（党组）要担负好主体责任，聚焦重大部署、重要任务、重点工作，加强组织领导，主动担当作为，力戒形式主义、官僚主义。中央依法治国办要发挥好职能作用，推动党中央法治建设决策部署落到实处。各条战线各个部门要齐抓共管、压实责任、形成合力，提高工作法治化水平。※这是习近平总书记2021年12月6日在十九届中央政治局第三十五次集体学习时的讲话。
16,为冬奥喝彩为中国加油,新华社北京2月5日电在北京2022年冬奥会欢迎宴会上的致辞</strong>（2022年2月5日）</span>中华人民共和国主席 习近平</span>尊敬的巴赫主席，尊敬的各位同事，女士们，先生们，朋友们：在中国人民欢度新春佳节的喜庆日子里，同各位新老朋友在北京相聚，我感到十分高兴。首先，我代表中国政府和中国人民，代表我的夫人，并以我个人的名义，对来华出席北京冬奥会的各位嘉宾，表示热烈的欢迎！向所有关心和支持北京冬奥会的各国政府、各国人民及国际组织表示衷心的感谢！我还要特别感谢在座的各位朋友克服新冠肺炎疫情带来的困难和不便，不远万里来到北京，为冬奥喝彩、为中国加油。昨晚，北京冬奥会在国家体育场正式开幕。时隔14年，奥林匹克圣火再次在北京燃起，北京成为全球首个“双奥之城”。中国秉持绿色、共享、开放、廉洁的办奥理念，全力克服新冠肺炎疫情影响，认真兑现对国际社会的庄严承诺，确保了北京冬奥会如期顺利举行。让更多人参与到冰雪运动中来，是奥林匹克运动的题中之义。中国通过筹办冬奥会和推广冬奥运动，让冰雪运动进入寻常百姓家，实现了带动3亿人参与冰雪运动的目标，为全球奥林匹克事业作出了新的贡献。女士们、先生们、朋友们！自古以来，奥林匹克运动承载着人类对和平、团结、进步的美好追求。——我们应该牢记奥林匹克运动初心，共同维护世界和平。奥林匹克运动为和平而生，因和平而兴。去年12月，联合国大会协商一致通过奥林匹克休战决议，呼吁通过体育促进和平，代表了国际社会的共同心声。要坚持相互尊重、平等相待、对话协商，努力化解分歧，消弭冲突，共同建设一个持久和平的世界。——我们应该弘扬奥林匹克运动精神，团结应对国际社会共同挑战。新冠肺炎疫情仍在肆虐，气候变化、恐怖主义等全球性问题层出不穷。国际社会应当“更团结”。各国唯有团结合作，一起向未来，才能有效加以应对。要践行真正的多边主义，维护以联合国为核心的国际体系，维护以国际法为基础的国际秩序，共同建设和谐合作的国际大家庭。——我们应该践行奥林匹克运动宗旨，持续推动人类进步事业。奥林匹克运动的目标是实现人的全面发展。要顺应时代潮流，坚守和平、发展、公平、正义、民主、自由的全人类共同价值，促进不同文明交流互鉴，共同构建人类命运共同体。女士们、先生们、朋友们！“爆竹声中一岁除，春风送暖入屠苏。”中国刚刚迎来农历虎年。虎象征着力量、勇敢、无畏，祝愿奥运健儿像虎一样充满力量、创造佳绩。我相信，在大家共同努力下，北京冬奥会一定会成为简约、安全、精彩的奥运盛会而载入史册。最后，我提议，大家共同举杯，为国际奥林匹克运动蓬勃发展，为人类和平与发展的崇高事业，为各位嘉宾和家人的健康，干杯！
17,坚定理想信念是共产党人精神上的“钙”,努力成为可堪大用能担重任的栋梁之才※</strong>习近平</span>今年是我们党成立一百周年，全党正在开展党史学习教育，安排大家到中央党校学习，接受比较系统的党性教育和理论培训，很有必要。中青班每期开班式，我都来讲一讲，主要是同大家谈谈心，对大家提点要求。第一，信念坚定、对党忠诚。</strong>党的十八大以来，我反复强调，党员、干部必须坚定理想信念。我之所以反复强调这个问题，是因为一段时间里，受各种错误思想和糊涂观念影响，有相当数量的党员、干部丢掉了共产党人的理想信念，只讲功利不讲理想、只讲私欲不讲信仰了。中国共产党成立一百年来，始终是有崇高理想和坚定信念的党。这个理想信念，就是马克思主义信仰、共产主义远大理想、中国特色社会主义共同理想。理想信念是中国共产党人的精神支柱和政治灵魂，也是保持党的团结统一的思想基础。我一直强调，对我们党的理想信念，不要语焉不详，不要吞吞吐吐，而是要旗帜鲜明、理直气壮讲。共产党一旦丢了自己的理想信念，那就同其他政党没什么本质区别了，就会失去精神动力和精神纽带，就会成为乌合之众，难逃失败的命运。所以，我反复强调，理想信念是共产党人精神上的“钙”，共产党人如果没有理想信念，精神上就会“缺钙”，就会得“软骨病”，必然导致政治上变质、经济上贪婪、道德上堕落、生活上腐化。对党员干部来讲，是有坚定理想信念，还是满脑子功利私欲，决定着一个人的思想境界和行为举止。党员干部有了坚定理想信念，才能经得住各种考验，走得稳、走得远；没有理想信念，或者理想信念不坚定，就经不起风吹浪打，关键时刻就会私心杂念丛生，甚至临阵脱逃。现实生活中，一些党员、干部精神空虚、意志消沉、心为物役，信奉金钱至上、名利至上、享乐至上，少数人更是把党和人民赋予的权力作为谋取私利的手段，堕入腐败深渊，说到底都是理想信念动摇所致。我常说要修炼共产党人的“心学”，坚持学思用贯通、知信行统一，其中一个重要目的就是要求党员干部坚定理想信念、增强党性。形成坚定理想信念，既不是一蹴而就的，也不是一劳永逸的，也不是自己认为坚定就坚定的，而是要在斗争实践中不断砥砺、经受考验，而且这种考验是长期的，很多时候也是严酷的，是要终其一生的。无数革命先烈走上革命道路，首先是他们为了救国救民不断探寻真理，最终选择了马克思主义、共产主义。最近播放的电视连续剧《觉醒年代》，生动展示了我们党早期领导人，面对风雨如磐的斗争形势，面对各式各样的主义，最终坚定选择了马克思主义、共产主义，大家可能都看了。李大钊说：“人生的目的，在发展自己的生命，可是也有为发展生命必须牺牲生命的时候……高尚的生活，常在壮烈的牺牲中。”李大钊面对刽子手的屠刀，大义凛然，慷慨就义，以行动证明他的理想信念是无比坚定的。从党的百年历史看，千千万万党员经过血与火、生与死的考验走到了最后，无数党员为了理想信仰献出了宝贵生命，也有不少人在艰苦条件和残酷斗争中动摇甚至背叛了自己的理想信仰。参加党的一大的13人中，王尽美、李汉俊、邓恩铭、何叔衡、陈潭秋5人牺牲，有人脱党，也有陈公博、周佛海、张国焘3人变节叛党。大浪淘沙乃历史规律。正如鲁迅所说：“因为终极目的的不同，在行进时，也时时有人退伍，有人落荒，有人颓唐，有人叛变，然而只要无碍于进行，则愈到后来，这队伍也就愈成为纯粹、精锐的队伍了。”年轻干部要牢记，坚定理想信念是终身课题，需要常修常炼，要信一辈子、守一辈子，三心二意、半途而废甚至背叛初衷肯定会出大问题。理想信念坚定和对党忠诚是紧密联系的。理想信念坚定才能对党忠诚，对党忠诚是对理想信念坚定的最好诠释。小说《红岩》中刘思扬的原型刘国鋕，出生于四川一个富裕家庭，因叛徒出卖被捕入狱。特务劝他，只要交出组织、登报脱党，马上可以释放。面对劝诱，他斩钉截铁回答，我死了有党，等于没死；我如出卖组织，活着又有什么意义。陈毅同志把“革命重坚定”作为一生的座右铭。南昌起义时他没有赶上，后来冲破重重难关找到了起义队伍，到天心圩时队伍只剩下800人，他协助朱德同志收拢了部队，并对大家说：“在胜利发展的情况下，做英雄是容易的；在失败退却的局面下，做英雄就困难得多了。只有经过失败的英雄，才是真正的英雄。我们要做失败时的英雄。”对党忠诚就是要这样，无论顺境逆境，都铁心跟党走、九死而不悔。检验党员干部是不是对党忠诚，在革命年代就要看能不能为党和人民事业冲锋陷阵、舍生忘死，在和平时期也有明确的检验标准。比如，能不能坚持党的领导，坚决维护党中央权威和集中统一领导，自觉在思想上政治上行动上同党中央保持高度一致；能不能坚决贯彻执行党的理论和路线方针政策，不折不扣把党中央决策部署落到实处；能不能严守党的政治纪律和政治规矩，做政治上的明白人、老实人；能不能坚持党和人民事业高于一切，自觉执行组织决定，服从组织安排，等等，都是对党忠诚的直接检验。长期以来，我们党有一个光荣传统和优良作风，就是党叫干啥就干啥、党让去哪就去哪，哪里有事业哪里就是家，没有二话、毫无怨言。今天，我们依然要大力发扬这种光荣传统和优良作风。现在，有的干部只愿意待在“北上广”，不愿意到“新西兰”。这种态度就不能说是理想信念坚定、对党忠诚了。组织上安排年轻干部去艰苦边远地区工作，是信任更是培养，年轻干部应该以此为荣、争先恐后，而不是拈轻怕重、挑肥拣瘦、患得患失、讨价还价。在党组织安排的工作面前犹犹豫豫、想这想那，这样的干部是不能重用的！到了关键时候是要出问题的！艰难困苦、玉汝于成，刀要在石上磨、人要在事上练，不经风雨、不见世面是难以成大器的。第二，注重实际、实事求是。</strong>坚持一切从实际出发，是我们想问题、作决策、办事情的出发点和落脚点。毛泽东同志早就指出：“按照实际情况决定工作方针，这是一切共产党员所必须牢牢记住的最基本的工作方法。我们所犯的错误，研究其发生的原因，都是由于我们离开了当时当地的实际情况，主观地决定自己的工作方针。”毛泽东同志讲得很有针对性。党的十八大之后，我明确提出“严以修身、严以用权、严以律己，谋事要实、创业要实、做人要实”，并在全党开展了专题教育，其目的也在于此。党中央提了很多要求，都要持之以恒贯彻落实好。坚持从实际出发，前提是深入实际、了解实际，只有这样才能做到实事求是。同样，只有有实事求是的态度才能重视深入实际、了解实际。要了解实际，就要掌握调查研究这个基本功。现在，各方面对调查研究是重视的，但还要下更大功夫，关键是把调查研究做深做实，避免浮在表面、流于形式。要眼睛向下、脚步向下，经常扑下身子、沉到一线，近的远的都要去，好的差的都要看，干部群众表扬和批评都要听，真正把情况摸实摸透。现在通信很发达，通过打打电话、发发微信、看看材料也能了解很多情况，但毕竟隔了一层，没有现场看、当面听、直接问和“七嘴八舌式”的讨论来得真实鲜活。过去常用的“蹲点调研”、“解剖麻雀”的调研方式依然是管用的。我们现在搞的各种试点，成功了再逐步推广，这就是“解剖麻雀”的方法。既要“身入”基层，更要“心到”基层，听真话、察真情，真研究问题、研究真问题，不能搞作秀式调研、盆景式调研、蜻蜓点水式调研，“无实事求是之意，有哗众取宠之心”是不行的！这就是严重的形式主义、官僚主义！要在深入分析思考上下功夫，去粗取精、去伪存真，由此及彼、由表及里，找到事物的本质和规律，找到解决问题的办法。要用好交换、比较、反复的方法，重视听取各方面意见包括少数人的意见、反对的意见，立体式地进行分析、三思而后行，防止自以为是、一得自矜。兼听则明、偏听则暗，能听到不同声音不是坏事，经过多次“否定之否定”的过程，进行的思考、作出的决策才能符合实际。我提出精准扶贫战略，就是在深入调查研究的基础上提出来的。脱贫是贫困群众的殷切希望，也是老一辈革命家的长期愿望。如果不能做好脱贫工作，我们就对不起贫困地区的老百姓，也对不起老一辈革命家。党的十八大闭幕不久，我就到河北阜平县考察脱贫工作。党的十八大以来，我走遍14个集中连片特困地区，而且年年去、常常去，直接到贫困户看真贫、扶真贫，直接听取贫困地区干部群众意见，不断完善扶贫思路和扶贫举措，不断推进工作，带着感情去抓，带着践行宗旨的承诺去抓，最终在全党全国共同努力下打赢了脱贫攻坚战，贫困地区广大群众高兴了，老一辈革命家在九泉之下也会感到安慰。坚持从实际出发、实事求是，不只是思想方法问题，也是党性强不强问题。从当前干部队伍实际看，坚持实事求是最需要解决的是党性问题。我父亲讲过，“我们党讲党性，我看实事求是就是最大的党性”。1943年，延安开始审查干部运动，在当时国民党反动势力对革命根据地大肆进行渗透破坏的情况下，对干部队伍进行认真审查是完全必要的，但在实际工作中由于过分严重地估计了敌情，特别是具体负责这项工作的康生推行极左方式、大搞“逼供信”，使审干工作发生了严重偏差，造成了大批冤假错案。我父亲当时是绥德地委书记，了解到绥德师范学校出现了不少学生迫于体罚逼供压力“假坦白”的事，感到非常痛心。他经过深入调查研究，慎重提出要把思想认识问题和政治立场问题区分开来，避免审干工作中的“扩大化”错误，并向党中央和西北局如实反映了有关情况，建议党中央及时制止“逼供信”、纠正“左”倾错误。在当时情况下，这样做是冒着很大政治风险的，而我父亲甘冒这个风险，就是因为他认为对党忠诚就不要说假话。县委书记的好榜样谷文昌也是实事求是的典范。东山县是1950年5月解放的，国民党在败退台湾前从东山疯狂抓壮丁、充兵源，仅有1万多户人家的东山就被抓走了4700多名青壮年，解放时这些壮丁家属被定为“敌伪家属”。时任东山县第一区工委书记的谷文昌则认为，壮丁们是被国民党绑走的，他们的家属是受害人，建议把“敌伪家属”改成“兵灾家属”，后来上级采纳了这个建议，并决定对这些家属政治上不歧视、经济上平等对待、生活困难给予救济，孤寡老人由乡村照顾。1953年7月，国民党部队1万多人突袭东山，而我们守岛部队不过千人，兵力悬殊，但东山军民众志成城，最终取得了保卫战胜利。兵灾家属说：“国民党抓走我们的亲人，共产党把我们当成亲人养。哪怕做鬼，我也愿为共产党守岛！”得民心者，靠实事求是。干部是不是实事求是可以从很多方面来看，最根本的要看是不是讲真话、讲实话，是不是干实事、求实效。那些见风使舵、处事圆滑的人，那些掩盖矛盾、粉饰太平的人，那些花拳绣腿、不干实事的人，那些好大喜功、急功近利的人，都不是真正的唯物主义者，都有私心杂念在作祟。年轻干部要坚持以党性立身做事，把说老实话、办老实事、做老实人作为党性修养和锻炼的重要内容，敢于坚持真理，善于独立思考，坚持求真务实。这对党和人民事业有益，对个人健康成长也有益。做人老实不是愚钝，做事踏实不会吃亏。对党不忠诚，做人不老实，就会生出取巧之心，就会去搞拉关系、走门路、权钱交易等投机钻营那一套，最终会聪明反被聪明误。第三，勇于担当、善于作为。</strong>干事担事，是干部的职责所在，也是价值所在。党把干部放在各个岗位上是要大家担当干事，而不是做官享福。改革发展稳定工作那么多，要做好工作都要担当作为。如果不担当、不作为，没有执行力、战斗力，那是要打败仗的。担当作为就要真抓实干、埋头苦干，决不能坐而论道、光说不练。我多次讲过两晋学士虚谈废务的故事，王衍就是其中一个代表人物，可谓舌辩滔滔、无人能及。西晋末年，羯族首领石勒起兵进犯洛阳，王衍作为太尉随军前去讨伐，结果兵败被俘。石勒问他西晋溃败的原因，他百般为自己开脱，说自己从年少时就不参与政事。石勒斥责他：你名盖四海，身居重任，少壮登朝，至于白首，怎么能说没参与朝廷政务，“破坏天下，正是君罪”。后来，王衍被石勒派人杀死，王衍临死前哀叹，如果自己平时不是追求虚浮、而是努力做事，也不至于到这个地步。现实中，此类夸夸其谈、不干实事的人也很多。比如，有的唱功好、做功差，工作落实在口号上，决心停留在嘴巴上；有的摆花架子、做表面文章，应景造势、敷衍应付；有的消极懈怠、得过且过，上面推一推才动一动，不推就不作为；更有的有令不行、有禁不止，甚至欺上瞒下、弄虚作假。今年以来，一些地方在疫情防控、抗击自然灾害、生态环境保护、安全生产等方面出现这样那样的问题，核查下来，其中一个重要原因就是一些干部作风不务实、工作不扎实、责任不落实。担当和作为是一体的，不作为就是不担当，有作为就要有担当。做事总是有风险的，天底下哪有那么多四平八稳、顺风顺水的事。正因为有风险，才需要担当。如果工作都那么好干，谁上去都能干，那还要什么担当呢？事物往往就是这样，越怕事越容易出事，越想绕道走矛盾就越堵着道。相反，只有豁得出去、敢闯敢干，下定“明知山有虎，偏向虎山行”的决心，真刀真枪干，矛盾和困难才可能得到解决。我在福建工作时，针对福建是林业大省、广大林农却守着“金山银山”过穷日子的状况，为解决产权归属不清等体制机制问题，推动实施了林权制度改革。当时，这项改革是有风险的，主要是上世纪80年代有些地方出现了乱砍滥伐的情况，中央暂停了分山到户工作。20多年过去了，还能不能分山到户，大家都拿不准。经过反复思考，我认为，林权改革关系老百姓切身利益，这个问题不解决，矛盾总有一天会爆发，还是越早解决越好，况且经济发展了、农民生活水平提高了，乱砍滥伐因素减少了，只要政策制定得好、方法对头，风险是可控的。决心下定后，我们抓住“山要怎么分”、“树要怎么砍”、“钱从哪里来”、“单家独户怎么办”这4个难题深入调研、反复论证，推出了有针对性的改革举措，形成了全国第一个省级林改文件。2008年中央10号文件全面吸收了福建林改经验。做事要有魄力，为官要有担当。凡是有利于党和人民的事，我们就要事不避难、义不逃责，大胆地干、坚决地干，正所谓“苟利国家生死以，岂因祸福避趋之”。干事业、抓改革，必然触动现有利益格局，动一些人的奶酪，以致引发一些争议。要干事，要改革，要解决矛盾，有些争议乃至责难是难免的，把石头扔进水里都会激起涟漪，更何况是想做成一番事业？因为怕争议而缩手缩脚，该干的也不干，这不是共产党人应有的态度。对来自各方面的争议，应该冷静对待、理性分析，如果认准了做的事是对的，实践也证明是对的，就不要打退堂鼓，哪怕背黑锅、遭骂名也义无反顾，同时要做好解疑释惑、凝聚共识的工作，最大程度争取理解和支持。如果别人的批评有合理之处，就要虚心接受、积极改进，使工作方案和政策措施更科学更完善。做事情，意志力、坚忍力、自制力很重要，胆略谋略很重要。很多事情坚持下来了、做成了，争议自然就烟消云散了。第四，坚持原则、敢于斗争。</strong>坚持原则是共产党人的重要品格，是衡量一个干部是否称职的重要标准。现在，一些干部错误理解“和为贵”，一味讲“宽容”、讲“和气”，当老好人，对政治原则问题含含糊糊，对大是大非问题做“开明绅士”，对不良现象听之任之，还有的八面玲珑、左右逢源，说话办事看来头、看风向，随波漂，随风倒，这同党性原则是背道而驰的，必须坚决纠正。对共产党人来说，“好好先生”并不是真正的好人。奉行好人主义的人，没有公心、只有私心，没有正气、只有俗气，以为“坚持原则是非多、碰到硬茬麻烦多、平平稳稳好处多、拉拉扯扯朋友多”。自古以来，人们就对这种人嗤之以鼻。孔子说：“乡愿，德之贼也。”就是说那些不分是非、不得罪乡里的“好好先生”，其实是破坏道德的人。孟子认为这种人“同乎流俗，合乎污世”。《红楼梦》里则以一句“又要自己便宜，又要不得罪了人”，把这种人刻画得入木三分。奉行好人主义，出发点就有问题，因为好的是自己，坏的是风气、是事业。大量事实表明，一些地方和单位正气不彰、邪气蔓延，工作局面长期打不开，矛盾问题积累一大堆，同好人主义的盛行有密不可分的关系。我们党历来提倡团结，但团结是通过积极健康的思想斗争达成的，不是无原则的一团和气。共产党人讲党性、讲原则，就要讲斗争。在原则问题上决不能含糊、决不能退让，否则就是对党和人民不负责任，甚至是犯罪。大是大非面前要讲原则，小事小节中也有讲原则的问题。中国是个人情社会，大家生活在社会上，都有亲戚、朋友、熟人、同事、上级、下属等，推进工作、解决问题时时都会面对原则和人情的选择。原则跟人情能够统一当然最好，但二者不能统一时我们要毫不犹豫坚持原则，决不能迁就人情。黄克诚同志担任中央纪委常务副书记时提出抓党风要“不怕撕破脸皮”。跟随他转战多年的老部下，在京西宾馆用公款宴请，他照样硬起手腕处理。当时的商业部部长到丰泽园饭庄请客吃饭而少付钱，他派人查实情况后，不但通报全党，还在《人民日报》上公开披露。党的干部都要有秉公办事、铁面无私的精神，讲原则不讲面子、讲党性不徇私情。斗争无时不在、无处不有。当前，世界百年未有之大变局加速演进，中华民族伟大复兴进入关键时期，我们面临的风险挑战明显增多，总想过太平日子、不想斗争是不切实际的。共产党人任何时候都要有不信邪、不怕鬼、不当软骨头的风骨、气节、胆魄。第五，严守规矩、不逾底线。</strong>这个问题，我是“婆婆嘴”反复讲，今天还是要敲敲木鱼、念念紧箍咒。我们党培养一名干部不容易，如果干部把不住自己，走上违纪违法的邪路，那就辜负了党的培养和信任了。我看到一些领导干部腐败堕落的材料，是感到很痛心的，恨铁不成钢啊！前段时间，我看了一个材料，反映一些年轻干部“前脚刚踏上仕途，后脚就走入歧途”，刚成为单位骨干或走上领导岗位就陷入贪腐，不是晚节不保，而是早节就没保住。大家要引以为戒，时刻绷紧纪律规矩这根弦。讲规矩、守底线，首先要有敬畏心。心有所畏，方能言有所戒、行有所止。党的十八大以来，党中央对腐败现象坚持无禁区、全覆盖、零容忍，重拳出击、整治到底、震慑到位，但仍有一些干部我行我素、顶风违纪。他们不是不知道纪律规矩，而是根本没有敬畏之心。他们所犯的哪一项不是党纪国法所明令禁止的？所作所为的哪一件没有前车之鉴？古人讲：“畏则不敢肆而德以成，无畏则从其所欲而及于祸。”没有敬畏之心，就什么乱七八糟的事都干得出来。有的人干了那么多骇人听闻的事，一个重要原因就是不知敬畏！干部一定要知敬畏、存戒惧、守底线，敬畏党、敬畏人民、敬畏法纪，不能在“月黑风高无人见”的自欺欺人中乱了心智，不能在“你知我知天知地知”的花言巧语中迷了方向，不能在“富贵险中求”的侥幸心理中铤而走险，不能在“法不责众”的错误认识中恣意妄为。严以修身，才能严以律己。一个干部只有把世界观、人生观、价值观的总开关拧紧了，把思想觉悟、精神境界提高了，才能从不敢腐到不想腐。明代理学家薛瑄认为清廉自守有三种境界：见理明而不妄取者，上也；尚名节而不苟取者，其次也；畏法律、保禄位而不敢取者，为下也。我们共产党人为的是大公、守的是大义、求的是大我，更要正心明道、怀德自重，始终把党和人民放在心中最高位置，做一个一心为公、一身正气、一尘不染的人。优秀地委书记杨善洲就是这样的楷模，一辈子为民造福，一辈子克己奉公。上世纪七八十年代，农村许多人家建起了土木结构的瓦房，但他家仍住在茅草房里，面对老屋漏雨，他跟家里人说：“我没有钱，你们要暂时克服困难，漏雨就买几个盆接一下。”1992年，他在大亮山林场盖起了第一间砖瓦房，却让给了新来的技术员，自己仍住在油毛毡棚里。有一次他下村住在一户农家，这家人觉得伙食差，对不起他，偷偷退回两角饭钱，他硬是赶了一百里夜路还了回去。在一些人眼里，他就是个不讲究吃穿住行的“傻子”。他却说，“有人说我是自讨苦吃，其实你们不知道我有多快乐”，“如果说共产党人有职业病，这个病就是自讨苦吃”。这种艰苦奋斗、以苦为乐的精神永不过时，永远需要发扬。当共产党的干部，对个人的名誉、地位、利益要看得淡、放得下，不能搞“千里来当官，只为吃和穿”那一套，那是不会有什么出息的！第六，勤学苦练、增强本领。</strong>“褚小者不可以怀大，绠短者不可以汲深。”我们处在前所未有的变革时代，干着前无古人的伟大事业，如果知识不够、眼界不宽、能力不强，就会耽误事。年轻干部精力充沛、思维活跃、接受能力强，正处在长本事、长才干的大好时期，一定要珍惜光阴、不负韶华，如饥似渴学习，一刻不停提高。向书本学习，是丰富知识、增长才干的重要途径。毛泽东同志说：“饭可以一日不吃，觉可以一日不睡，书不可以一日不读。”他日理万机，但仍见缝插针读书，理发时也读，还幽默地对理发师说：“你办你的公，我办我的公，咱们互不干扰。”我们要发扬这种“挤”和“钻”的精神，多读书、读好书，从书本中汲取智慧和营养，不能自我感觉良好、不屑学习，不能借口工作太忙、放松学习，不能为了装点门面、应付学习。抓好学习，有一个学什么、怎么学的问题。一个人的精力有限，不可能什么都去学，干部要结合工作需要学习，做到干什么学什么、缺什么补什么。要学习马克思主义理论特别是新时代党的创新理论，学习党史、新中国史、改革开放史、社会主义发展史，学习经济、政治、法律、文化、社会、管理、生态、国际等各方面基础性知识，学习同做好本职工作相关的新知识新技能，不断完善履职尽责必备的知识体系。实践出真知，实践长真才。党和国家事业涉及面很广，领导干部也不是总在一个岗位上工作，都要学过了、学好了再来干是不现实的。坚持在干中学、学中干是领导干部成长成才的必由之路。新中国成立之初组建海军，党中央决定肖劲光同志担任海军司令员。肖劲光同志从没接触过海军，自己还是个“旱鸭子”，但他边干边学，使我国海军从无到有、迅速壮大，出色完成了党中央交给的任务。许多从战争年代走来的老一辈革命家也都是在实践中成长为经济、科技、外交等领域的行家里手的。“学所以益才也，砺所以致刃也。”有同志经过一番实践历练后说了一句话，越干越会干、越干越能干、越干越想干。当然，同样是实践，是不是真正上心用心，是不是善于总结思考，收获大小、提高快慢是不一样的。如果忙忙碌碌，只是机械做事，陷入事务主义，是很难提高认识和工作水平的。以上我强调的几点，都是年轻干部健康成长要解决好的课题。大家生逢伟大时代，是党和国家事业发展的生力军，希望大家练好内功、提升修养、增强本领，不要走偏、不要落伍、不要掉队，努力成为可堪大用、能担重任的栋梁之才，为实现第二个百年奋斗目标而努力工作，不辜负党和人民期望和重托！※这是习近平总书记2021年9月1日在2021年秋季学期中央党校（国家行政学院）中青年干部培训班开班式上讲话的主要部分。
