,title,content,url
0,习近平在金砖国家工商论坛开幕式上的主旨演讲（全文）,,https://www.xuexi.cn/lgpage/detail/index.html?id=3149305606961374437&item_id=3149305606961374437
1,习近平：坚定不移走中国人权发展道路 更好推动我国人权事业发展,坚定不移走中国人权发展道路</strong>更好推动我国人权事业发展※</strong>习近平</span>今天，中央政治局进行第三十七次集体学习，内容是中国人权发展道路。安排这次学习，目的是总结新时代我国人权理论和实践发展的成就，分析国际人权领域斗争形势，坚定不移走中国人权发展道路，更好推动我国人权事业发展。呵护人的生命、价值、尊严，实现人人享有人权，是人类社会的共同追求。中华文化历来强调对人的尊重和关怀，孔子的“古之为政，爱人为大”，孟子的“为天下得人者谓之仁”，荀子的“人最为天下贵”，墨子的“兼相爱”，都强调人的自身价值。古人还说：“万物之中，以人为贵。”“济大事者，必以人为本。”“理天下者，以人为本。”在西方资产阶级革命时期，启蒙思想家提出“天赋人权”等观点，强调人人生而平等，有不可剥夺的权利，推动了英国、美国、法国等国的资产阶级革命。马克思、恩格斯对资产阶级人权理论的历史进步意义给予肯定，同时也对其否定人权的社会性、历史性、阶级性进行了彻底批判。马克思指出，“个体是社会存在物”，“权利决不能超出社会的经济结构以及由经济结构制约的社会的文化发展”。马克思、恩格斯强调，在资本主义社会里，“人已经不再是人的奴隶，而变成了物的奴隶”；“代替那存在着阶级和阶级对立的资产阶级旧社会的，将是这样一个联合体，在那里，每个人的自由发展是一切人的自由发展的条件”。尊重和保障人权是中国共产党人的不懈追求。我们党自成立之日起就高举起“争民主、争人权”的旗帜，鲜明宣示了救国救民、争取人权的主张。党的百年奋斗史，贯穿着党团结带领人民为争取人权、尊重人权、保障人权、发展人权而进行的不懈努力。在新民主主义革命时期、社会主义革命和建设时期、改革开放和社会主义现代化建设新时期，我们党都牢牢把握为中国人民谋幸福、为中华民族谋复兴的初心使命，领导人民取得了革命、建设、改革的伟大胜利，中国人民成为国家、社会和自己命运的主人，中国人民的生存权、发展权和其他各项基本权利保障不断向前推进。党的十八大以来，我们坚持把尊重和保障人权作为治国理政的一项重要工作，推动我国人权事业取得历史性成就。我们实现了第一个百年奋斗目标，全面建成小康社会，历史性地解决了绝对贫困问题，为我国人权事业发展打下了更为坚实的物质基础。我们不断发展全过程人民民主，推进人权法治保障，坚决维护社会公平正义，人民享有更加广泛、更加充分、更加全面的民主权利。我们推动实现更加充分、更高质量的就业，建成了世界上规模最大的教育体系、社会保障体系、医疗卫生体系，大力改善人民生活环境质量。我们坚持人民至上、生命至上，有力应对新冠肺炎疫情，最大限度保护了人民生命安全和身体健康。我们全面贯彻党的民族政策和宗教政策，坚持各民族一律平等，尊重群众宗教信仰，保障各族群众合法权益。我们深入推进司法体制改革，加强平安中国、法治中国建设，深入开展政法队伍教育整顿，全面开展扫黑除恶专项斗争，严厉打击各类违法犯罪，保持社会长期稳定，切实保护人民群众生命财产安全。我国是世界上唯一持续制定和实施四期国家人权行动计划的主要大国。我们积极参与全球人权治理，为世界人权事业发展作出了中国贡献、提供了中国方案。在推进我国人权事业发展的实践中，我们把马克思主义人权观同中国具体实际相结合、同中华优秀传统文化相结合，总结我们党团结带领人民尊重和保障人权的成功经验，借鉴人类优秀文明成果，走出了一条顺应时代潮流、适合本国国情的人权发展道路。这条道路有以下主要特征。一是坚持中国共产党领导。</strong>全心全意为人民服务是我们党的根本宗旨。中国共产党领导和我国社会主义制度，决定了我国人权事业的社会主义性质，决定了我们能够保证人民当家作主，坚持平等共享人权，坚持以系统性思维谋划人权建设，推进各类人权全面发展，不断实现好、维护好、发展好最广大人民根本利益。二是坚持尊重人民主体地位。</strong>人民性是中国人权发展道路最显著的特征。人权不是一部分人或少数人享有的特权，而是广大人民群众享有的普惠性人权。我们保障人民民主权利，充分激发广大人民群众积极性、主动性、创造性，让人民成为人权事业发展的主要参与者、促进者、受益者，切实推动人的全面发展、全体人民共同富裕取得更为明显的实质性进展。三是坚持从我国实际出发。</strong>各国人权发展道路必须根据各自国情和本国人民愿望来决定。我们把人权普遍性原则同中国实际结合起来，从我国国情和人民要求出发推动人权事业发展，确保人民依法享有广泛充分、真实具体、有效管用的人权。四是坚持以生存权、发展权为首要的基本人权。</strong>生存是享有一切人权的基础，人民幸福生活是最大的人权。我们完整、准确、全面贯彻新发展理念，坚持以人民为中心的发展思想，坚持发展为了人民、发展依靠人民、发展成果由人民共享，着力解决人民最关心最直接最现实的利益问题，着力解决发展不平衡不充分问题，努力实现更高质量、更有效率、更加公平、更可持续、更为安全的发展，在发展中使广大人民的获得感、幸福感、安全感更加充实、更有保障、更可持续。五是坚持依法保障人权。</strong>法治是人权最有效的保障。我们坚持法律面前人人平等，把尊重和保障人权贯穿立法、执法、司法、守法各个环节，加快完善体现权利公平、机会公平、规则公平的法律制度，保障公民人身权、财产权、人格权，保障公民参与民主选举、民主协商、民主决策、民主管理、民主监督等基本政治权利，保障公民经济、文化、社会、环境等各方面权利，不断提升人权法治化保障水平。六是坚持积极参与全球人权治理。</strong>发展人权是全人类共同的事业。人权保障没有最好，只有更好。各国都有权利自主选择人权发展道路，不同文明、不同国家应该相互尊重、相互包容、相互交流、相互借鉴。我们弘扬全人类共同价值，践行真正多边主义，积极参与包括人权在内的全球治理体系改革和建设，推动构建人类命运共同体。以上6条，既是中国人权发展的主要特征，又是我们在推进我国人权事业实践中取得的宝贵经验，要结合新的实践不断坚持好、发展好。民主不是装饰品，不是用来做摆设的。人权也不是装饰品，也不是用来做摆设的。近年来，一些西方国家陷入政党恶斗、政府失信、社会失序、疫情失控的困境，政治极化、贫富分化、族群对立不断加剧，种族主义、民粹主义、排外主义大行其道，人权问题日益凸显。但是，他们还打着所谓“普世人权”、“人权高于主权”等旗号，在世界上强行推广西方民主人权观念和制度，利用人权问题大肆干涉他国内政，结果导致一些国家战乱频发、社会长期动荡、人民流离失所。现在，我国开启了全面建设社会主义现代化国家、向第二个百年奋斗目标进军的新征程。我们要统筹国内国际两个大局，深刻认识做好人权工作的重要性和紧迫性，更加重视尊重和保障人权，推动我国人权事业健康发展。要重点抓好以下几方面工作。第一，促进人权事业全面发展。</strong>我说过，“实现中华民族伟大复兴中国梦的过程，本质上就是实现社会公平正义和不断推动人权事业发展的进程”。要坚持中国人权发展道路，顺应人民对高品质美好生活的期待，不断满足人民日益增长的多方面的权利需求，统筹推进经济发展、民主法治、思想文化、公平正义、社会治理、环境保护等建设，全面做好就业、收入分配、教育、社保、医疗、住房、养老、扶幼等各方面工作，在物质文明、政治文明、精神文明、社会文明、生态文明协调发展中全方位提升各项人权保障水平。第二，加强人权法治保障。</strong>当前，我国人权法治保障还存在不少短板。要深化法治领域改革，健全人权法治保障机制，实现尊重和保障人权在立法、执法、司法、守法全链条、全过程、全方位覆盖，让人民群众在每一项法律制度、每一个执法决定、每一宗司法案件中都感受到公平正义。要系统研究谋划和解决法治领域人民群众反映强烈的突出问题，依法公正对待人民群众的诉求，坚决杜绝因司法不公而造成伤害人民群众感情、损害人民群众权益的事情发生。对一切侵犯群众合法权利的行为，对一切在侵犯群众权益问题上漠然置之、不闻不问的现象，都必须依纪依法严肃查处、坚决追责。第三，弘扬正确人权观。</strong>要通过多种形式、多种渠道、多种场合广泛开展人权宣传和知识普及，在全社会营造尊重和保障人权的良好氛围。要在全体人民特别是广大青少年中开展人权知识教育，把马克思主义人权观、当代中国人权观教育纳入国民教育体系。要加强对公职人员特别是基层公务人员，如公安、法院、检察、民政、社保、卫健、税务、市场监管等部门人员的人权知识培训。要发挥群团组织优势，促进妇女儿童、老年人、残疾人等特定群体权益更有保障。要依托我国人权事业发展的生动实践，提炼原创性概念，发展我国人权学科体系、学术体系、话语体系。要加强人权智库和人权研究基地建设，着力培养一批理论扎实、学术精湛、熟悉国际规则、会讲中国人权故事的高端人权专家。第四，积极推动全球人权治理。</strong>“德之所在，天下归之”，“义之所在，天下赴之”。我们要弘扬全人类共同价值，坚持平等互信、包容互鉴、合作共赢、共同发展的理念，推动全球人权治理朝着更加公平、公正、合理、包容的方向发展。要积极参与联合国人权事务，广泛同各国特别是发展中国家开展国际人权交流合作，发挥建设性作用。要充分发挥中国人权研究会、中国人权发展基金会等的作用，增强对联合国等多边人权机构的影响力。第五，积极开展国际人权斗争。</strong>人权是历史的、具体的、现实的，不能脱离不同国家的社会政治条件和历史文化传统空谈人权。评价一个国家是否有人权，不能以别的国家的标准来衡量，更不能搞双重标准，甚至把人权当作干涉别国内政的政治工具。要把握战略主动。要着力讲好中国人权故事，运用形象化、具体化的表达方式，增强当代中国人权观的吸引力、感染力、影响力。要最大限度凝聚国际人权共识，占据人权道义制高点。要指导海外中国企业增强人权意识和自信，有效应对一些西方国家策划的人权滥诉。各级党委（党组）要担负起推动我国人权事业发展的历史责任，加强组织领导，主动担当作为，切实把国家人权行动计划落实好。各级干部特别是领导干部要自觉学习马克思主义人权观、当代中国人权观，提高认识，增强自信，主动做好尊重和保障人权各项工作。各地区各部门各行业要增强尊重和保障人权意识，形成推动我国人权事业发展的合力。※这是习近平总书记2022年2月25日在十九届中央政治局第三十七次集体学习时的讲话。,https://www.xuexi.cn/lgpage/detail/index.html?id=3973948108201832130&item_id=3973948108201832130
2,习近平：努力建设人与自然和谐共生的现代化,努力建设人与自然和谐共生的现代化※</strong>习近平</span>今天，中央政治局进行第二十九次集体学习，内容是新形势下加强我国生态文明建设。党的十八大以来，中央政治局已经两次就生态文明建设相关题目进行集体学习，这是第三次。安排这次学习，目的是把握进入新发展阶段、贯彻新发展理念、构建新发展格局对生态文明建设提出的新任务新要求，分析我国生态文明建设面临的新形势，推动建设人与自然和谐共生的现代化。党的十八大以来，我们加强党对生态文明建设的全面领导，把生态文明建设摆在全局工作的突出位置，作出一系列重大战略部署。在“五位一体”总体布局中，生态文明建设是其中一位；在新时代坚持和发展中国特色社会主义的基本方略中，坚持人与自然和谐共生是其中一条；在新发展理念中，绿色是其中一项；在三大攻坚战中，污染防治是其中一战；在到本世纪中叶建成社会主义现代化强国目标中，美丽中国是其中一个。这充分体现了我们对生态文明建设重要性的认识，明确了生态文明建设在党和国家事业发展全局中的重要地位。我们全面加强生态文明建设，系统谋划生态文明体制改革，一体治理山水林田湖草沙，开展了一系列根本性、开创性、长远性工作，决心之大、力度之大、成效之大前所未有，生态文明建设从认识到实践都发生了历史性、转折性、全局性的变化。我先后就甘肃祁连山生态破坏、陕西秦岭北麓违建别墅、青海木里矿区非法开采等典型案例作出指示批示，有关地方和部门严肃查处和追责了一批失职渎职的人员。9年来，蓝天白云重新展现，绿色版图不断扩展，绿色经济加快发展，能耗物耗不断降低，浓烟重霾有效抑制，黑臭水体明显减少，城乡环境更加宜居，美丽中国建设迈出坚实步伐，绿水青山就是金山银山的理念成为全党全社会的共识和行动。根据美国航天局卫星数据，2000年至2017年间，全球新增绿化面积中约四分之一来自中国。我国引领全球气候变化谈判进程，积极推动《巴黎协定》的签署、生效、实施，宣布2030年前实现二氧化碳排放达到峰值、2060年前实现碳中和。我国生态文明建设取得的成就，也得到了国际社会广泛肯定。实践表明，生态环境保护和经济发展是辩证统一、相辅相成的，建设生态文明、推动绿色低碳循环发展，不仅可以满足人民日益增长的优美生态环境需要，而且可以推动实现更高质量、更有效率、更加公平、更可持续、更为安全的发展，走出一条生产发展、生活富裕、生态良好的文明发展道路。生态环境修复和改善，是一个需要付出长期艰苦努力的过程，不可能一蹴而就，必须坚持不懈、奋发有为。当前，我国生态文明建设仍然面临诸多矛盾和挑战，生态环境稳中向好的基础还不稳固，从量变到质变的拐点还没有到来，生态环境质量同人民群众对美好生活的期盼相比，同建设美丽中国的目标相比，同构建新发展格局、推动高质量发展、全面建设社会主义现代化国家的要求相比，都还有较大差距。我国产业结构调整有一个过程，传统产业所占比重依然较高，战略性新兴产业、高技术产业尚未成长为经济增长的主导力量，能源结构没有得到根本性改变，重点区域、重点行业污染问题没有得到根本解决，实现碳达峰、碳中和任务艰巨，资源环境对发展的压力越来越大。推动绿色低碳发展是国际潮流所向、大势所趋，绿色经济已经成为全球产业竞争制高点。一些西方国家对我国大打“环境牌”，多方面对我国施压，围绕生态环境问题的大国博弈十分激烈。我在党的十九届五中全会上强调，我国建设社会主义现代化具有许多重要特征，其中之一就是我国现代化是人与自然和谐共生的现代化，注重同步推进物质文明建设和生态文明建设。“十四五”时期，我国生态文明建设进入了以降碳为重点战略方向、推动减污降碳协同增效、促进经济社会发展全面绿色转型、实现生态环境质量改善由量变到质变的关键时期。要完整、准确、全面贯彻新发展理念，保持战略定力，站在人与自然和谐共生的高度来谋划经济社会发展，坚持节约资源和保护环境的基本国策，坚持节约优先、保护优先、自然恢复为主的方针，形成节约资源和保护环境的空间格局、产业结构、生产方式、生活方式，统筹污染治理、生态保护、应对气候变化，促进生态环境持续改善，努力建设人与自然和谐共生的现代化。第一，坚持不懈推动绿色低碳发展。</strong>我多次强调，生态环境问题归根到底是发展方式和生活方式问题。建立健全绿色低碳循环发展经济体系、促进经济社会发展全面绿色转型是解决我国生态环境问题的基础之策。3月15日，我主持召开中央财经委员会第九次会议，研究部署了实现碳达峰、碳中和的基本思路和重大举措。要把实现减污降碳协同增效作为促进经济社会发展全面绿色转型的总抓手，加快推动产业结构、能源结构、交通运输结构、用地结构调整。要强化国土空间规划和用途管控，落实生态保护、基本农田、城镇开发等空间管控边界，实施主体功能区战略，划定并严守生态保护红线。要抓住资源利用这个源头，推进资源总量管理、科学配置、全面节约、循环利用，全面提高资源利用效率。要抓住产业结构调整这个关键，推动战略性新兴产业、高技术产业、现代服务业加快发展，推动能源清洁低碳安全高效利用，持续降低碳排放强度。要解决好推进绿色低碳发展的科技支撑不足问题，加强碳捕集利用和封存技术、零碳工业流程再造技术等科技攻关，支持绿色低碳技术创新成果转化。要发展绿色金融，支持绿色技术创新。我多次强调，降低二氧化碳排放、应对气候变化不是别人要我们做，而是我们自己要做。实现碳达峰、碳中和是我国向世界作出的庄严承诺，也是一场广泛而深刻的经济社会变革，绝不是轻轻松松就能实现的。现在，一些部门和地方上马高耗能、高排放项目的冲动依然强烈。在今年1月举行的省部级主要领导干部学习贯彻党的十九届五中全会精神专题研讨班上，我专门强调要注意防范八个认识误区，其中一个认识误区就是借扩大内需、形成国内大市场之机，大搞高能耗、高排放的项目。有关部门和地方要严把关口，不符合要求的项目要坚决拿下来！各级党委和政府要拿出抓铁有痕、踏石留印的劲头，明确时间表、路线图、施工图，推动经济社会发展建立在资源高效利用和绿色低碳发展的基础之上。第二，深入打好污染防治攻坚战。</strong>现在，人民群众对生态环境质量的期望值更高，对生态环境问题的容忍度更低。要集中攻克老百姓身边的突出生态环境问题，让老百姓实实在在感受到生态环境质量改善。要坚持精准治污、科学治污、依法治污，保持力度、延伸深度、拓宽广度，持续打好蓝天、碧水、净土保卫战。要强化多污染物协同控制和区域协同治理，加强细颗粒物和臭氧协同控制，基本消除重污染天气。要统筹水资源、水环境、水生态治理，加强江河湖库污染防治和生态保护，建设美丽海湾，有效保护居民饮用水安全，坚决治理城市黑臭水体。要推进土壤污染防治，有效管控农用地和建设用地土壤污染风险。要实施垃圾分类和减量化、资源化，加强白色污染治理，加强危险废物医疗废物收集处理，强化重金属污染防治，重视新污染物治理。要推动污染治理向乡镇、农村延伸，强化农业面源污染治理，明显改善农村人居环境。第三，提升生态系统质量和稳定性。</strong>这既是增加优质生态产品供给的必然要求，也是减缓和适应气候变化带来不利影响的重要手段。“草木植成，国之富也。”良好生态本身蕴含着经济社会价值。要坚持系统观念，从生态系统整体性出发，推进山水林田湖草沙一体化保护和修复，更加注重综合治理、系统治理、源头治理。要加快构建以国家公园为主体的自然保护地体系，完善自然保护地、生态保护红线监管制度。要建立健全生态产品价值实现机制，让保护修复生态环境获得合理回报，让破坏生态环境付出相应代价。要科学推进荒漠化、石漠化、水土流失综合治理，开展大规模国土绿化行动。要推行草原森林河流湖泊休养生息，实施好长江十年禁渔，健全耕地休耕轮作制度。要实施生物多样性保护重大工程，强化外来物种管控，举办好《生物多样性公约》第十五次缔约方大会。第四，积极推动全球可持续发展。</strong>保护生态环境、应对气候变化，是全人类面临的共同挑战。我们要秉持人类命运共同体理念，积极参与全球环境治理，加强应对气候变化、海洋污染治理、生物多样性保护等领域国际合作，认真履行国际公约，主动承担同国情、发展阶段和能力相适应的环境治理义务，为全球提供更多公共产品，不断增强制度性权利，实现义务和权利的平衡，展现我国负责任大国形象。要发挥发展中大国的引领作用，加强南南合作以及同周边国家的合作，为发展中国家提供力所能及的资金、技术支持，帮助提高环境治理能力，共同打造绿色“一带一路”。要坚持共同但有区别的责任原则、公平原则和各自能力原则，坚定维护多边主义，有效应对一些西方国家对我国进行“规锁”的企图，坚决维护我国发展利益。第五，提高生态环境领域国家治理体系和治理能力现代化水平。</strong>要健全党委领导、政府主导、企业主体、社会组织和公众共同参与的现代环境治理体系，构建一体谋划、一体部署、一体推进、一体考核的制度机制。要深入推进生态文明体制改革，强化绿色发展法律和政策保障，健全自然资源资产产权制度和法律法规。要完善环境保护、节能减排约束性指标管理，建立健全稳定的财政资金投入机制。要全面实行排污许可制，推进排污权、用能权、用水权、碳排放权市场化交易，建立健全风险管控机制。要大力宣传绿色文明，增强全民节约意识、环保意识、生态意识，倡导简约适度、绿色低碳的生活方式，把建设美丽中国转化为全体人民自觉行动。2018年5月18日，我在全国生态环境保护大会上提出，我国生态文明建设正处于压力叠加、负重前行的关键期，已进入提供更多优质生态产品以满足人民日益增长的优美生态环境需要的攻坚期，也到了有条件有能力解决生态环境突出问题的窗口期。各级党委和政府要提高政治判断力、政治领悟力、政治执行力，心怀“国之大者”，担负起生态文明建设的政治责任，坚决做到令行禁止，确保党中央关于生态文明建设各项决策部署落地见效。※这是习近平总书记2021年4月30日在十九届中央政治局第二十九次集体学习时的讲话。,https://www.xuexi.cn/lgpage/detail/index.html?id=9316514775880403118&item_id=9316514775880403118
3,习近平在庆祝中国国际贸易促进委员会建会70周年大会暨全球贸易投资促进峰会上的致辞（全文）,新华社北京5月18日电在庆祝中国国际贸易促进委员会建会70周年大会暨全球贸易投资促进峰会上的致辞</strong>（2022年5月18日）中华人民共和国主席 习近平尊敬的各位国家元首、国际组织负责人，各位来宾，女士们，先生们，朋友们：大家好！很高兴同各位朋友“云端”相聚。首先，我谨对中国国际贸易促进委员会建会70周年，表示热烈的祝贺！对出席全球贸易投资促进峰会的各方嘉宾，表示诚挚的欢迎！对长期以来关心支持中国改革开放和现代化建设的海内外各界人士，表示衷心的感谢和美好的祝愿！中国贸促会1952年成立以来，立足中国、面向世界，为拉紧中外企业利益纽带、推动国际经贸往来、促进国家关系发展，发挥了重要作用。中国贸促会始终把服务中外企业作为立身之本，促进贸易和投资，推动制度型开放，在国际经贸仲裁、知识产权服务、商事调解等领域积极探索创新，同各国工商界加强沟通联系，为中外经贸合作牵线搭桥，积极推动经济全球化朝着更加开放、包容、普惠、平衡、共赢方向发展。中国贸促会70年的历程，是中国不断扩大对外开放的重要体现，也是各国企业共享发展机遇、实现互利共赢的重要见证。希望中国贸促会继续开拓奋进、追求卓越，织密服务企业网，扩大国际朋友圈，在推动高质量发展、构建新发展格局、推动建设开放型世界经济中再接再厉，争取更大成绩。女士们、先生们、朋友们！当前，百年变局和世纪疫情交织，经济全球化遭遇逆流，世界进入新的动荡变革期。各国工商界对和平发展的期盼更加殷切，对公平正义的呼声更加强烈，对合作共赢的追求更加迫切。我愿提出4点建议。第一，聚力战胜疫情。当前，新冠肺炎疫情反复延宕，传播速度加快，给人民生命安全和身体健康带来严重威胁，给世界经济发展带来严重影响。要坚持人民至上、生命至上，积极开展疫苗研发、生产、分配国际合作，加强全球公共卫生治理，共筑多重抗疫防线，推动建设人类卫生健康共同体。第二，重振贸易投资。要统筹疫情防控和经济发展，加强各国宏观经济政策协调，推动世界经济早日走出危机阴影。中方提出全球发展倡议，呼吁各方共同努力，全面推进联合国2030年可持续发展议程。要推动世界经济动力转换、方式转变、结构调整，使世界经济走上长期健康稳定发展轨道。要支持以世界贸易组织为核心的多边贸易体制，维护全球产业链供应链安全稳定，做大合作蛋糕，让发展成果更好惠及各国人民。第三，坚持创新驱动。要挖掘创新增长潜力，共同加强知识产权保护，在充分参与、凝聚共识的基础上制定规则，为科技发展打造开放、公平、公正、非歧视的环境。要深化创新交流合作，推动科技同经济深度融合，加强创新成果共享，努力打破制约知识、技术、人才等创新要素流动的壁垒，让创新源泉充分涌流。第四，完善全球治理。当今世界，各国前途命运紧密相连，在国际上搞“小圈子”只会把世界推向分裂和对抗。要坚持真正的多边主义，践行共商共建共享的全球治理观，动员全球资源，应对全球挑战，促进全球发展。要坚持对话而不对抗、拆墙而不筑墙、融合而不脱钩、包容而不排他，以公平正义为理念引领全球治理体系变革。我愿重申，中国扩大高水平开放的决心不会变，中国开放的大门只会越开越大。中国将持续打造市场化法治化国际化营商环境，高水平实施《区域全面经济伙伴关系协定》，推动高质量共建“一带一路”，为全球工商界提供更多市场机遇、投资机遇、增长机遇。女士们、先生们、朋友们！让我们携起手来，坚持和平、发展、合作、共赢，共同解决当前世界经济以及国际贸易和投资面临的问题，一起走向更加美好的未来！预祝大会取得圆满成功！,https://www.xuexi.cn/lgpage/detail/index.html?id=4252948016459619823&item_id=4252948016459619823
4,习近平：正确认识和把握我国发展重大理论和实践问题,正确认识和把握我国发展重大理论和实践问题※</strong>习近平</span>进入新发展阶段，我国发展内外环境发生深刻变化，面临许多新的重大问题，需要正确认识和把握。这里，我重点讲几个问题。第一个问题：正确认识和把握实现共同富裕的战略目标和实践途径。</strong>“国之称富者，在乎丰民。”财富的创造和分配是各国都面对的重大问题。一些西方国家在社会财富不断增长的同时长期存在贫富悬殊、两极分化。有的拉美国家收入不算高，但分配差距很大。在我国社会主义制度下，既要不断解放和发展社会生产力，不断创造和积累社会财富，又要防止两极分化，切实推动人的全面发展、全体人民共同富裕取得更为明显的实质性进展。过去我们是低收入水平下的平均主义，改革开放后一部分地区、一部分人先富起来了，同时收入差距也逐步拉大，一些财富不当聚集给经济社会健康运行带来了风险挑战。共同富裕是中国特色社会主义的本质要求。共同富裕路子应当怎么走？我们正在进行探索。实现共同富裕的目标，首先要通过全国人民共同奋斗把“蛋糕”做大做好，然后通过合理的制度安排正确处理增长和分配关系，把“蛋糕”切好分好。这是一个长期的历史过程，我们要创造条件、完善制度，稳步朝着这个目标迈进。要在推动高质量发展中强化就业优先导向。就业是民生之本。要提高经济增长的就业带动力，不断促进就业量的扩大和质的提升。要支持中小微企业发展，发挥其就业主渠道作用。要吸取一些西方国家经济“脱实向虚”的教训，不断壮大实体经济，创造更多高质量就业岗位。要加大人力资本投入，提升教育质量，加强职业教育和技能培训，提高劳动者素质，更好适应高质量发展需要，切实防范规模性失业风险。要发挥分配的功能和作用。要处理好效率和公平关系，构建初次分配、再分配、三次分配协调配套的基础性制度安排。要坚持按劳分配为主体，提高劳动报酬在初次分配中的比重，完善按要素分配政策。要发挥再分配的调节作用，加大税收、社保、转移支付等的调节力度，提高精准性。要发挥好第三次分配作用，引导、支持有意愿有能力的企业和社会群体积极参与公益慈善事业，但不能搞道德绑架式“逼捐”。要完善公共服务政策制度体系。促进共同富裕，不能搞“福利主义”那一套。当年一些拉美国家搞民粹主义，高福利养了一批“懒人”和不劳而获者，结果国家财政不堪重负，落入“中等收入陷阱”，长期不能自拔。福利待遇上去了就下不来了，搞超出能力的“福利主义”是不可持续的，必然会带来严重的经济和政治问题！我们要坚持尽力而为、量力而行，重在提升公共服务水平，在教育、医疗、养老、住房等人民群众最关心的领域精准提供基本公共服务，兜住困难群众基本生活底线，不吊高胃口、不空头许诺。第二个问题：正确认识和把握资本的特性和行为规律。</strong>马克思、恩格斯没有设想社会主义条件下可以搞市场经济，当然也就无法预见社会主义国家如何对待资本。列宁、斯大林虽然领导了苏联社会主义建设，但当时苏联实行的是高度集中的计划经济体制，基本上没有遇到大规模资本问题。搞社会主义市场经济是我们党的一个伟大创造。既然是社会主义市场经济，就必然会产生各种形态的资本。资本主义社会的资本和社会主义社会的资本固然有很多不同，但资本都是要追逐利润的。“合天下之众者财，理天下之财者法。”我们要探索如何在社会主义市场经济条件下发挥资本的积极作用，同时有效控制资本的消极作用。近年来，由于认识不足、监管缺位，我国一些领域出现资本无序扩张，肆意操纵，牟取暴利。这就要求规范资本行为，趋利避害，既不让“资本大鳄”恣意妄为，又要发挥资本作为生产要素的功能。这是一个不容回避的重大政治和经济问题。实际工作中，要抓好以下几点。要为资本设置“红绿灯”。“红绿灯”适用于道路上行驶的所有交通工具，对待资本也一样，各类资本都不能横冲直撞。要防止有些资本野蛮生长。要反垄断、反暴利、反天价、反恶意炒作、反不正当竞争。要依法加强对资本的有效监管。社会主义市场经济是法治经济，资本活动要依法进行。遏制资本无序扩张，不是不要资本，而是要资本有序发展。相关法律法规不健全的要抓紧完善，已有法律法规的要严格执法监管。要支持和引导资本规范健康发展。要坚持和完善社会主义基本经济制度，毫不动摇巩固和发展公有制经济，毫不动摇鼓励、支持、引导非公有制经济发展，促进非公有制经济健康发展和非公有制经济人士健康成长。第三个问题：正确认识和把握初级产品供给保障。</strong>对我们这样一个大国来说，保障好初级产品供给是一个重大的战略性问题。必须加强战略谋划，及早作出调整，确保供给安全。要坚持节约优先。“取之有制、用之有节则裕，取之无制、用之不节则乏。”要实施全面节约战略，推进各领域节约行动。在生产领域，要推进资源全面节约、集约、循环利用，降低单位产品能耗物耗，加快制造业技术改造，提高投入产出效率。在消费领域，要增强全民节约意识，倡导简约适度、绿色低碳的生活方式，反对奢侈浪费和过度消费，深入开展“光盘”等粮食节约行动，广泛开展创建绿色机关、绿色家庭、绿色社区、绿色出行等行动。要增强国内资源生产保障能力。要加大勘查力度，实施新一轮找矿突破战略行动，提高海洋资源、矿产资源开发保护水平。要明确重要能源资源国内生产自给的战略底线，发挥国有企业支撑托底作用，加快油气等资源先进开采技术开发应用。要加强国家战略物资储备制度建设，在关键时刻发挥保底线的调节作用。要推行垃圾分类和资源化，扩大国内固体废弃物的使用，加快构建废弃物循环利用体系。要优化海外资源保障能力。要以互利共赢的方式充分利用国际国内两个市场、两种资源，在有效防范对外投资风险的前提下加强同有关国家的能源资源合作，扩大海外优质资源权益。这里，我要特别强调农产品供给安全问题。从最新的国土调查结果看，耕地面积还在减少，一些地方的基本农田不种粮食种果树，或者其他高附加值作物。我反复讲，中国人的饭碗任何时候都要牢牢端在自己手中，我们的饭碗应该主要装中国粮。要把提高农业综合生产能力放在更加突出的位置，持续推进高标准农田建设，深入实施种业振兴行动，提高农机装备水平，保障种粮农民合理收益，确保口粮绝对安全、谷物基本自给，提高油料、大豆产能和自给率。第四个问题：正确认识和把握防范化解重大风险。</strong>上世纪90年代以来，我国有效应对了亚洲金融危机、国际金融危机、新冠肺炎疫情等重大考验。现在，我国经济金融领域风险隐患很多，但总体可控。要坚持底线思维。古人说：“祸几始作，当杜其萌；疾证方形，当绝其根。”我们要发挥好党的领导和我国社会主义制度优势，见微知著，抓早抓小，着力避免发生重大风险或危机。前一阶段，我们有效处置了影子银行风险、互联网金融风险。同时，也要看到，新的风险仍在发生，“黑天鹅”、“灰犀牛”事件不断。分析这些现象，有几个重要原因。一是长期累积的结果。“三期叠加”影响还没有结束，前期风险仍要消化。二是监管能力和制度缺陷。对金融机构公司治理问题严重失察，金融监管能力和水平不适应。对地方债务管理松弛，有的地方变相违规举债，债务负担持续增加。三是借债人野蛮行为。一些大企业盲目冲动，非理性多元化扩张，过度依赖金融杠杆，产业资本过度进入金融行业。一些股东和实际控制人违法违规经营管理金融企业，存在内部人控制、大股东操纵，财务造假，大肆挪用资金。四是官商勾结和腐败行为。一些金融机构负责人和政府官员失职渎职、贪污腐败、中饱私囊，慷国家之慨，造成重大损失。五是经济周期变化。经济增速下行使原本隐藏的各类风险水落石出，局部风险引发系统风险的概率加大，以企业资不抵债为特征的风险突出。下一步，要继续按照稳定大局、统筹协调、分类施策、精准拆弹的基本方针，抓好风险处置工作。要依法合规，加强金融法治建设，探索建立定期修法制度。要压实责任，“谁家孩子谁抱”，压实地方党政同责，负责属地维稳和化解风险；压实金融监管、行业主管、纪检监察等部门责任，按照各自职责推动风险化解；压实企业自救主体责任，制定可行的风险化解方案。要强化能力建设，提升监管科技水平，补齐监管短板，加强金融监管干部队伍建设。要有充足资源，抓紧设立金融稳定保障基金，发挥存款保险制度和行业保障基金在风险处置中的作用，研究制定促进金融机构兼并收购和化解不良资产的支持政策。地方要主动盘活存量资产，化解风险。企业股东要首先承担风险损失，直至股本清零。要各方广泛配合，金融业建立一体化风险处置机制，充分授权，统筹协调，提高跨市场跨行业统筹应对能力。对一些房地产企业的风险要格外重视。各地要切实担起责任、强化监管，守住不发生系统性风险的底线，保持房地产市场平稳健康发展。第五个问题：正确认识和把握碳达峰碳中和。</strong>推进碳达峰碳中和是党中央经过深思熟虑作出的重大战略决策，是我们对国际社会的庄严承诺，也是推动高质量发展的内在要求。近来在实际工作中出现一些问题，有的搞“碳冲锋”，有的搞“一刀切”、运动式“减碳”，甚至出现“拉闸限电”现象，这些都不符合党中央要求。绿色低碳发展是经济社会发展全面转型的复杂工程和长期任务，能源结构、产业结构调整不可能一蹴而就，更不能脱离实际。如果传统能源逐步退出不是建立在新能源安全可靠的替代基础上，就会对经济发展和社会稳定造成冲击。减污降碳是经济结构调整的有机组成部分，要先立后破、通盘谋划。我在中央财经委员会第九次会议上对“双碳”工作作了全面部署，强调要坚持全国统筹、节约优先、双轮驱动、内外畅通、防范风险的原则。党中央已经出台做好碳达峰碳中和工作的意见，批准了碳达峰行动方案。实现碳达峰碳中和目标要坚定不移，但不可能毕其功于一役，要坚持稳中求进，逐步实现。要立足国情，以煤为主是我们的基本国情，实现碳达峰必须立足这个实际。在抓好煤炭清洁高效利用的同时，加快煤电机组灵活性改造，发展可再生能源，推动煤炭和新能源优化组合，增加新能源消纳能力。要狠抓绿色低碳技术攻关，加快先进技术推广应用。要科学考核，完善能耗“双控”制度，创造条件尽早实现能耗“双控”向碳排放总量和强度“双控”转变，加快形成减污降碳的激励约束机制。各地区各有关部门要统筹做好“双控”、“双碳”工作，防止简单层层分解。要确保能源供应，实现多目标平衡，多渠道增加能源供应，大企业特别是国有企业要带头保供稳价，决不允许再次发生大面积“拉闸限电”这类重大事件。要深入推动能源革命，促进能源消费、供给、技术、体制改革，加强国际合作，加快建设能源强国。※这是习近平总书记2021年12月8日在中央经济工作会议上讲话的一部分。,https://www.xuexi.cn/lgpage/detail/index.html?id=16240681166022134963&item_id=16240681166022134963
5,习近平：在庆祝中国共产主义青年团成立100周年大会上的讲话,在庆祝中国共产主义青年团成立100周年大会上的讲话</strong>（2022年5月10日）习近平</span>共青团员们，青年朋友们，同志们：,https://www.xuexi.cn/lgpage/detail/index.html?id=17773290399031418485&item_id=17773290399031418485
6,习近平：加快建设科技强国 实现高水平科技自立自强,加快建设科技强国 实现高水平科技自立自强※</strong>习近平</span>今天，中国科学院第二十次院士大会、中国工程院第十五次院士大会和中国科协第十次全国代表大会隆重开幕了。这是我们在“两个一百年”奋斗目标的历史交汇点、开启全面建设社会主义现代化国家新征程的重要时刻，共商推进我国科技创新发展大计的一次盛会。首先，我代表党中央，向大会的召开，表示热烈的祝贺！向在各个岗位辛勤奉献的科技工作者，致以诚挚的慰问！5月30日是第五个全国科技工作者日，我向全国广大科技工作者，致以节日的问候！今年是中国共产党成立一百周年。在革命、建设、改革各个历史时期，我们党都高度重视科技事业。从革命时期高度重视知识分子工作，到新中国成立后吹响“向科学进军”的号角，到改革开放提出“科学技术是第一生产力”的论断；从进入新世纪深入实施知识创新工程、科教兴国战略、人才强国战略，不断完善国家创新体系、建设创新型国家，到党的十八大后提出创新是第一动力、全面实施创新驱动发展战略、建设世界科技强国，科技事业在党和人民事业中始终具有十分重要的战略地位、发挥了十分重要的战略作用。党的十九大以来，党中央全面分析国际科技创新竞争态势，深入研判国内外发展形势，针对我国科技事业面临的突出问题和挑战，坚持把科技创新摆在国家发展全局的核心位置，全面谋划科技创新工作。我们坚持党对科技事业的全面领导，观大势、谋全局、抓根本，形成高效的组织动员体系和统筹协调的科技资源配置模式。我们牢牢把握建设世界科技强国的战略目标，以只争朝夕的使命感、责任感、紧迫感，抢抓全球科技发展先机，在基础前沿领域奋勇争先。我们充分发挥科技创新的引领带动作用，努力在原始创新上取得新突破，在重要科技领域实现跨越发展，推动关键核心技术自主可控，加强创新链产业链融合。我们全面部署科技创新体制改革，出台一系列重大改革举措，提升国家创新体系整体效能。我们着力实施人才强国战略，营造良好人才创新生态环境，聚天下英才而用之，充分激发广大科技人员积极性、主动性、创造性。我们扩大科技领域开放合作，主动融入全球科技创新网络，积极参与解决人类面临的重大挑战，努力推动科技创新成果惠及更多国家和人民。2016年我们召开了全国科技创新大会、两院院士大会和中国科协第九次全国代表大会，2018年我们召开了两院院士大会。几年来，在党中央坚强领导下，在全国科技界和社会各界共同努力下，我国科技实力正在从量的积累迈向质的飞跃、从点的突破迈向系统能力提升，科技创新取得新的历史性成就。——基础研究和原始创新取得重要进展。</strong>基础研究整体实力显著加强，化学、材料、物理、工程等学科整体水平明显提升。在量子信息、干细胞、脑科学等前沿方向上取得一批重大原创成果。成功组织了一批重大基础研究任务，“嫦娥五号”实现地外天体采样返回，“天问一号”开启火星探测，“怀柔一号”引力波暴高能电磁对应体全天监测器卫星成功发射，“慧眼号”直接测量到迄今宇宙最强磁场，500米口径球面射电望远镜首次发现毫秒脉冲星，新一代“人造太阳”首次放电，“雪龙2”号首航南极，76个光子的量子计算原型机“九章”、62比特可编程超导量子计算原型机“祖冲之号”成功问世。散裂中子源等一批具有国际一流水平的重大科技基础设施通过验收。——战略高技术领域取得新跨越。</strong>在深海、深空、深地、深蓝等领域积极抢占科技制高点。“海斗一号”完成万米海试，“奋斗者”号成功坐底，北斗卫星导航系统全面开通，中国空间站天和核心舱成功发射，“长征五号”遥三运载火箭成功发射，世界最强流深地核天体物理加速器成功出束，“神威·太湖之光”超级计算机首次实现千万核心并行第一性原理计算模拟，“墨子号”实现无中继千公里级量子密钥分发。“天鲲号”首次试航成功。“国和一号”和“华龙一号”三代核电技术取得新突破。——高端产业取得新突破。</strong>C919大飞机准备运营，时速600公里高速磁浮试验样车成功试跑，最大直径盾构机顺利始发。北京大兴国际机场正式投运，港珠澳大桥开通营运。智能制造取得长足进步，人工智能、数字经济蓬勃发展，图像识别、语音识别走在全球前列，5G移动通信技术率先实现规模化应用。新能源汽车加快发展。消费级无人机占据一半以上的全球市场。甲醇制烯烃技术持续创新带动了我国煤制烯烃产业快速发展。——科技在新冠肺炎疫情防控中发挥了重要作用。</strong>科技界为党和政府科学应对疫情提供了科技和决策支撑。成功分离出世界上首个新冠病毒毒株，完成病毒基因组测序，开发一批临床救治药物、检测设备和试剂，研发应用多款疫苗，科技在控制传染、病毒溯源、疾病救治、疫苗和药物研发、复工复产等方面提供了有力支撑，打了一场成功的科技抗疫战。——民生科技领域取得显著成效。</strong>医用重离子加速器、磁共振、彩超、CT等高端医疗装备国产化替代取得重大进展。运用科技手段构建精准扶贫新模式，为贫困地区培育科技产业、培养科技人才，科技在打赢脱贫攻坚战中发挥了重要作用。煤炭清洁高效燃烧、钢铁多污染物超低排放控制等多项关键技术推广应用，促进了空气质量改善。——国防科技创新取得重大成就。</strong>国防科技有力支撑重大武器装备研制发展，首艘国产航母下水，第五代战机歼20正式服役。东风–17弹道导弹研制成功，我国在高超音速武器方面走在前列。实践证明，我国自主创新事业是大有可为的！我国广大科技工作者是大有作为的！我国广大科技工作者要以与时俱进的精神、革故鼎新的勇气、坚忍不拔的定力，面向世界科技前沿、面向经济主战场、面向国家重大需求、面向人民生命健康，把握大势、抢占先机，直面问题、迎难而上，肩负起时代赋予的重任，努力实现高水平科技自立自强！各位院士，同志们、朋友们！当今世界百年未有之大变局加速演进，国际环境错综复杂，世界经济陷入低迷期，全球产业链供应链面临重塑，不稳定性不确定性明显增加。新冠肺炎疫情影响广泛深远，逆全球化、单边主义、保护主义思潮暗流涌动。科技创新成为国际战略博弈的主要战场，围绕科技制高点的竞争空前激烈。我们必须保持强烈的忧患意识，做好充分的思想准备和工作准备。当前，新一轮科技革命和产业变革突飞猛进，科学研究范式正在发生深刻变革，学科交叉融合不断发展，科学技术和经济社会发展加速渗透融合。科技创新广度显著加大，宏观世界大至天体运行、星系演化、宇宙起源，微观世界小至基因编辑、粒子结构、量子调控，都是当今世界科技发展的最前沿。科技创新深度显著加深，深空探测成为科技竞争的制高点，深海、深地探测为人类认识自然不断拓展新的视野。科技创新速度显著加快，以信息技术、人工智能为代表的新兴科技快速发展，大大拓展了时间、空间和人们认知范围，人类正在进入一个“人机物”三元融合的万物智能互联时代。生物科学基础研究和应用研究快速发展。科技创新精度显著加强，对生物大分子和基因的研究进入精准调控阶段，从认识生命、改造生命走向合成生命、设计生命，在给人类带来福祉的同时，也带来生命伦理的挑战。经过多年努力，我国科技整体水平大幅提升，我们完全有基础、有底气、有信心、有能力抓住新一轮科技革命和产业变革的机遇，乘势而上，大展宏图。同时，也要看到，我国原始创新能力还不强，创新体系整体效能还不高，科技创新资源整合还不够，科技创新力量布局有待优化，科技投入产出效益较低，科技人才队伍结构有待优化，科技评价体系还不适应科技发展要求，科技生态需要进一步完善。这些问题，很多是长期存在的难点，需要继续下大气力加以解决。党的十九大确立了到2035年跻身创新型国家前列的战略目标，党的十九届五中全会提出了坚持创新在我国现代化建设全局中的核心地位，把科技自立自强作为国家发展的战略支撑。立足新发展阶段、贯彻新发展理念、构建新发展格局、推动高质量发展，必须深入实施科教兴国战略、人才强国战略、创新驱动发展战略，完善国家创新体系，加快建设科技强国，实现高水平科技自立自强。第一，加强原创性、引领性科技攻关，坚决打赢关键核心技术攻坚战。</strong>科技立则民族立，科技强则国家强。加强基础研究是科技自立自强的必然要求，是我们从未知到已知、从不确定性到确定性的必然选择。要加快制定基础研究十年行动方案。基础研究要勇于探索、突出原创，推进对宇宙演化、意识本质、物质结构、生命起源等的探索和发现，拓展认识自然的边界，开辟新的认知疆域。基础研究更要应用牵引、突破瓶颈，从经济社会发展和国家安全面临的实际问题中凝练科学问题，弄通“卡脖子”技术的基础理论和技术原理。要加大基础研究财政投入力度、优化支出结构，对企业基础研究投入实行税收优惠，鼓励社会以捐赠和建立基金等方式多渠道投入，形成持续稳定的投入机制。科技攻关要坚持问题导向，奔着最紧急、最紧迫的问题去。要从国家急迫需要和长远需求出发，在石油天然气、基础原材料、高端芯片、工业软件、农作物种子、科学试验用仪器设备、化学制剂等方面关键核心技术上全力攻坚，加快突破一批药品、医疗器械、医用设备、疫苗等领域关键核心技术。要在事关发展全局和国家安全的基础核心领域，瞄准人工智能、量子信息、集成电路、先进制造、生命健康、脑科学、生物育种、空天科技、深地深海等前沿领域，前瞻部署一批战略性、储备性技术研发项目，瞄准未来科技和产业发展的制高点。要优化财政科技投入，重点投向战略性、关键性领域。创新链产业链融合，关键是要确立企业创新主体地位。要增强企业创新动力，正向激励企业创新，反向倒逼企业创新。要发挥企业出题者作用，推进重点项目协同和研发活动一体化，加快构建龙头企业牵头、高校院所支撑、各创新主体相互协同的创新联合体，发展高效强大的共性技术供给体系，提高科技成果转移转化成效。现代工程和技术科学是科学原理和产业发展、工程研制之间不可缺少的桥梁，在现代科学技术体系中发挥着关键作用。要大力加强多学科融合的现代工程和技术科学研究，带动基础科学和工程技术发展，形成完整的现代科学技术体系。第二，强化国家战略科技力量，提升国家创新体系整体效能。</strong>世界科技强国竞争，比拼的是国家战略科技力量。国家实验室、国家科研机构、高水平研究型大学、科技领军企业都是国家战略科技力量的重要组成部分，要自觉履行高水平科技自立自强的使命担当。国家实验室要按照“四个面向”的要求，紧跟世界科技发展大势，适应我国发展对科技发展提出的使命任务，多出战略性、关键性重大科技成果，并同国家重点实验室结合，形成中国特色国家实验室体系。国家科研机构要以国家战略需求为导向，着力解决影响制约国家发展全局和长远利益的重大科技问题，加快建设原始创新策源地，加快突破关键核心技术。高水平研究型大学要把发展科技第一生产力、培养人才第一资源、增强创新第一动力更好结合起来，发挥基础研究深厚、学科交叉融合的优势，成为基础研究的主力军和重大科技突破的生力军。要强化研究型大学建设同国家战略目标、战略任务的对接，加强基础前沿探索和关键技术突破，努力构建中国特色、中国风格、中国气派的学科体系、学术体系、话语体系，为培养更多杰出人才作出贡献。科技领军企业要发挥市场需求、集成创新、组织平台的优势，打通从科技强到企业强、产业强、经济强的通道。要以企业牵头，整合集聚创新资源，形成跨领域、大协作、高强度的创新基地，开展产业共性关键技术研发、科技成果转化及产业化、科技资源共享服务，推动重点领域项目、基地、人才、资金一体化配置，提升我国产业基础能力和产业链现代化水平。各地区要立足自身优势，结合产业发展需求，科学合理布局科技创新。要支持有条件的地方建设综合性国家科学中心或区域科技创新中心，使之成为世界科学前沿领域和新兴产业技术创新、全球科技创新要素的汇聚地。第三，推进科技体制改革，形成支持全面创新的基础制度。</strong>要健全社会主义市场经济条件下新型举国体制，充分发挥国家作为重大科技创新组织者的作用，支持周期长、风险大、难度高、前景好的战略性科学计划和科学工程，抓系统布局、系统组织、跨界集成，把政府、市场、社会等各方面力量拧成一股绳，形成未来的整体优势。要推动有效市场和有为政府更好结合，充分发挥市场在资源配置中的决定性作用，通过市场需求引导创新资源有效配置，形成推进科技创新的强大合力。要重点抓好完善评价制度等基础改革，坚持质量、绩效、贡献为核心的评价导向，全面准确反映成果创新水平、转化应用绩效和对经济社会发展的实际贡献。在项目评价上，要建立健全符合科研活动规律的评价制度，完善自由探索型和任务导向型科技项目分类评价制度，建立非共识科技项目的评价机制。在人才评价上，要“破四唯”和“立新标”并举，加快建立以创新价值、能力、贡献为导向的科技人才评价体系。要支持科研事业单位探索试行更灵活的薪酬制度，稳定并强化从事基础性、前沿性、公益性研究的科研人员队伍，为其安心科研提供保障。科技管理改革不能只做“加法”，要善于做“减法”。要拿出更大的勇气推动科技管理职能转变，按照抓战略、抓改革、抓规划、抓服务的定位，转变作风，提升能力，减少分钱、分物、定项目等直接干预，强化规划政策引导，给予科研单位更多自主权，赋予科学家更大技术路线决定权和经费使用权，让科研单位和科研人员从繁琐、不必要的体制机制束缚中解放出来！创新不问出身，英雄不论出处。要改革重大科技项目立项和组织管理方式，实行“揭榜挂帅”、“赛马”等制度。要研究真问题，形成真榜、实榜。要真研究问题，让那些想干事、能干事、干成事的科技领军人才挂帅出征，推行技术总师负责制、经费包干制、信用承诺制，做到不论资历、不设门槛，让有真才实学的科技人员英雄有用武之地！第四，构建开放创新生态，参与全球科技治理。</strong>科学技术具有世界性、时代性，是人类共同的财富。要统筹发展和安全，以全球视野谋划和推动创新，积极融入全球创新网络，聚焦气候变化、人类健康等问题，加强同各国科研人员的联合研发。要主动设计和牵头发起国际大科学计划和大科学工程，设立面向全球的科学研究基金。科技是发展的利器，也可能成为风险的源头。要前瞻研判科技发展带来的规则冲突、社会风险、伦理挑战，完善相关法律法规、伦理审查规则及监管框架。要深度参与全球科技治理，贡献中国智慧，塑造科技向善的文化理念，让科技更好增进人类福祉，让中国科技为推动构建人类命运共同体作出更大贡献！第五，激发各类人才创新活力，建设全球人才高地。</strong>世界科技强国必须能够在全球范围内吸引人才、留住人才、用好人才。我国要实现高水平科技自立自强，归根结底要靠高水平创新人才。培养创新型人才是国家、民族长远发展的大计。当今世界的竞争说到底是人才竞争、教育竞争。要更加重视人才自主培养，更加重视科学精神、创新能力、批判性思维的培养培育。要更加重视青年人才培养，努力造就一批具有世界影响力的顶尖科技人才，稳定支持一批创新团队，培养更多高素质技术技能人才、能工巧匠、大国工匠。我国教育是能够培养出大师来的，我们要有这个自信！要在全社会营造尊重劳动、尊重知识、尊重人才、尊重创造的环境，形成崇尚科学的风尚，让更多的青少年心怀科学梦想、树立创新志向。“栽下梧桐树，引来金凤凰。”要构筑集聚全球优秀人才的科研创新高地，完善高端人才、专业人才来华工作、科研、交流的政策。科技创新离不开科技人员持久的时间投入。为了保证科研人员的时间，1961年中央就曾提出“保证科技人员每周有5天时间搞科研工作”。保障时间就是保护创新能力！要建立让科研人员把主要精力放在科研上的保障机制，让科技人员把主要精力投入科技创新和研发活动。各类应景性、应酬性活动少一点科技人员参加，不会带来什么损失！决不能让科技人员把大量时间花在一些无谓的迎来送往活动上，花在不必要的评审评价活动上，花在形式主义、官僚主义的种种活动上！各位院士，同志们、朋友们！中国科学院、中国工程院是国家科学技术界和工程科技界的最高学术机构，是国家战略科技力量。要发挥两院作为国家队的学术引领作用、关键核心技术攻关作用、创新人才培养作用，解决重大原创的科学问题，勇闯创新“无人区”，突破制约发展的关键核心技术，发现、培养、集聚一批高素质人才和高水平创新团队。要强化两院的国家高端智库职能，发挥战略科学家作用，积极开展咨询评议，服务国家决策。中国科协要肩负起党和政府联系科技工作者桥梁和纽带的职责，坚持为科技工作者服务、为创新驱动发展服务、为提高全民科学素质服务、为党和政府科学决策服务，更广泛地把广大科技工作者团结在党的周围，弘扬科学家精神，涵养优良学风。要坚持面向世界、面向未来，增进对国际科技界的开放、信任、合作，为全面建设社会主义现代化国家、推动构建人类命运共同体作出更大贡献。院士是我国科学技术方面和工程科技领域的最高荣誉称号。两院院士是国家的财富、人民的骄傲、民族的光荣。党的十八届三中全会以来，我们改革院士制度，取得积极成效。党的十九届五中全会提出深化院士制度改革，让院士称号进一步回归荣誉性、学术性。在院士评选中要打破论资排辈，杜绝非学术性因素的影响，加强社会监督，维护院士称号的纯洁性。这里，我给院士们提几点希望。——希望广大院士做胸怀祖国、服务人民的表率。</strong>在中华民族伟大复兴的征程上，一代又一代科学家心系祖国和人民，不畏艰难，无私奉献，为科学技术进步、人民生活改善、中华民族发展作出了重大贡献。新时代更需要继承发扬以国家民族命运为己任的爱国主义精神，更需要继续发扬以爱国主义为底色的科学家精神。广大院士要不忘初心、牢记使命，响应党的号召，听从祖国召唤，保持深厚的家国情怀和强烈的社会责任感，为党、为祖国、为人民鞠躬尽瘁、不懈奋斗！——希望广大院士做追求真理、勇攀高峰的表率。</strong>科学以探究真理、发现新知为使命。一切真正原创的知识，都需要冲破现有的知识体系。“善学者尽其理，善行者究其难。”广大院士要勇攀科学高峰，敢为人先，追求卓越，努力探索科学前沿，发现和解决新的科学问题，提出新的概念、理论、方法，开辟新的领域和方向，形成新的前沿学派。要攻坚克难、集智攻关，瞄准“卡脖子”的关键核心技术难题，带领团队作出重大突破。——希望广大院士做坚守学术道德、严谨治学的表率。</strong>诚信是科学精神的必然要求。广大院士要做学术道德的楷模，坚守学术道德和科研伦理，践行学术规范，让学术道德和科学精神内化于心、外化于行，涵养风清气正的科研环境，培育严谨求是的科学文化。人的精力是有限的，院士们要更加专注于科研，尽量减少兼职，更加聚焦本专业领域。——希望广大院士做甘为人梯、奖掖后学的表率。</strong>“江山代有才人出”，“自古英雄出少年”。广大院士要在创新人才培养中发挥识才、育才、用才的导师作用。“才者，材也，养之贵素，使之贵器。”要言传身教，发扬学术民主，甘做提携后学的铺路石和领路人，大力破除论资排辈、圈子文化，鼓励年轻人大胆创新、勇于创新，让青年才俊像泉水一样奔涌而出。各级党委和政府要充分尊重人才，对院士要政治上关怀、工作上支持、生活上关心，认真听取包括院士在内的广大科研人员意见，加强对科研活动的科学管理和服务保障，为科研人员创造良好创新环境。各位院士，同志们、朋友们！全面建设社会主义现代化国家新征程已经开启，向第二个百年奋斗目标进军的号角已经吹响。让我们团结起来，勇于创新、顽强拼搏，为建成世界科技强国、实现中华民族伟大复兴不断作出新的更大贡献！※这是习近平总书记2021年5月28日在中国科学院第二十次院士大会、中国工程院第十五次院士大会和中国科协第十次全国代表大会上的讲话。,https://www.xuexi.cn/lgpage/detail/index.html?id=12533514508036940809&item_id=12533514508036940809
7,习近平在博鳌亚洲论坛2022年年会开幕式上的主旨演讲（全文）,新华社北京4月21日电携手迎接挑战，合作开创未来</strong>——在博鳌亚洲论坛2022年年会开幕式上的主旨演讲</strong>（2022年4月21日，北京）</strong>中华人民共和国主席 习近平尊敬的各位国家元首、政府首脑，尊敬的各位国际组织负责人，尊敬的各位博鳌亚洲论坛理事，各位来宾，女士们，先生们，朋友们：很高兴同各位新老朋友再次在“云端”相聚，共同出席博鳌亚洲论坛2022年年会。首先，我谨代表中国政府和中国人民，并以我个人的名义，对出席年会的嘉宾，表示诚挚的欢迎！对年会的召开，表示热烈的祝贺！当下，世界之变、时代之变、历史之变正以前所未有的方式展开，给人类提出了必须严肃对待的挑战。人类还未走出世纪疫情阴霾，又面临新的传统安全风险；全球经济复苏仍脆弱乏力，又叠加发展鸿沟加剧的矛盾；气候变化等治理赤字尚未填补，数字治理等新课题又摆在我们面前。在这样的背景下，论坛年会以“疫情与世界：共促全球发展，构建共同未来”为主题，具有重要意义。“安危不贰其志，险易不革其心。”人类历史告诉我们，越是困难时刻，越要坚定信心。矛盾并不可怕，正是矛盾推动着人类社会进步。任何艰难曲折都不能阻挡历史前进的车轮。面对重重挑战，我们决不能丧失信心、犹疑退缩，而是要坚定信心、激流勇进。女士们、先生们、朋友们！冲出迷雾走向光明，最强大的力量是同心合力，最有效的方法是和衷共济。过去两年多来，国际社会为应对新冠肺炎疫情挑战、推动世界经济复苏发展作出了艰苦努力。困难和挑战进一步告诉我们，人类是休戚与共的命运共同体，各国要顺应和平、发展、合作、共赢的时代潮流，向着构建人类命运共同体的正确方向，携手迎接挑战、合作开创未来。——我们要共同守护人类生命健康。人民生命安全和身体健康是人类发展进步的前提。人类彻底战胜新冠肺炎疫情还需付出艰苦努力。各国要相互支持，加强防疫措施协调，完善全球公共卫生治理，形成应对疫情的强大国际合力。要坚持疫苗作为全球公共产品的属性，确保疫苗在发展中国家的可及性和可负担性。中国已经向120多个国家和国际组织提供超过21亿剂疫苗。无论是对外提供疫苗还是海外生产疫苗，中国都言必信、行必果。中国将继续向非洲、东盟分别援助6亿剂、1.5亿剂疫苗，为弥合“免疫鸿沟”作出积极努力。——我们要共同促进经济复苏。新冠肺炎疫情对过去10年全球减贫成果造成重大冲击，复苏不均衡加剧全球不平等，南北鸿沟持续扩大。我们要坚持建设开放型世界经济，把握经济全球化发展大势，加强宏观政策协调，运用科技增强动能，维护全球产业链供应链稳定，防止一些国家政策调整产生严重负面外溢效应，促进全球平衡、协调、包容发展。要坚持以人民为中心，把促进发展、保障民生置于突出位置，实施政策、采取措施、开展行动都要把是否有利于民生福祉放在第一位。要关注发展中国家紧迫需求，围绕减贫、粮食安全、发展筹资、工业化等重点领域推进务实合作，着力解决发展不平衡不充分问题。去年，我提出了全球发展倡议，得到联合国等国际组织和近百个国家响应和支持。我们正在同国际社会一道，稳步推进倡议落地落实。——我们要共同维护世界和平安宁。“治国常富，而乱国常贫。”安全是发展的前提，人类是不可分割的安全共同体。事实再次证明，冷战思维只会破坏全球和平框架，霸权主义和强权政治只会危害世界和平，集团对抗只会加剧21世纪安全挑战。为了促进世界安危与共，中方愿在此提出全球安全倡议：我们要坚持共同、综合、合作、可持续的安全观，共同维护世界和平和安全；坚持尊重各国主权、领土完整，不干涉别国内政，尊重各国人民自主选择的发展道路和社会制度；坚持遵守联合国宪章宗旨和原则，摒弃冷战思维，反对单边主义，不搞集团政治和阵营对抗；坚持重视各国合理安全关切，秉持安全不可分割原则，构建均衡、有效、可持续的安全架构，反对把本国安全建立在他国不安全的基础之上；坚持通过对话协商以和平方式解决国家间的分歧和争端，支持一切有利于和平解决危机的努力，不能搞双重标准，反对滥用单边制裁和“长臂管辖”；坚持统筹维护传统领域和非传统领域安全，共同应对地区争端和恐怖主义、气候变化、网络安全、生物安全等全球性问题。——我们要共同应对全球治理挑战。世界各国乘坐在一条命运与共的大船上，要穿越惊涛骇浪、驶向光明未来，必须同舟共济，企图把谁扔下大海都是不可接受的。国际社会发展到今天已经成为一部复杂精巧、有机一体的机器，拆掉一个零部件就会使整个机器运转面临严重困难，被拆的人会受损，拆的人也会受损。当今世界，任何单边主义、极端利己主义都是根本行不通的，任何脱钩、断供、极限施压的行径都是根本行不通的，任何搞“小圈子”、以意识形态划线挑动对立对抗也都是根本行不通的。我们要践行共商共建共享的全球治理观，弘扬全人类共同价值，倡导不同文明交流互鉴。要坚持真正的多边主义，坚定维护以联合国为核心的国际体系和以国际法为基础的国际秩序。大国尤其要作出表率，带头讲平等、讲合作、讲诚信、讲法治，展现大国的样子。女士们、先生们、朋友们！亚洲人民历经热战冷战，饱经沧桑忧患，深知和平弥足珍贵，发展来之不易。过去几十年，亚洲地区总体保持稳定，经济持续快速增长，成就了“亚洲奇迹”。亚洲好世界才能更好。我们要继续把亚洲发展好、建设好，展现亚洲的韧性、智慧、力量，打造世界的和平稳定锚、增长动力源、合作新高地。第一，坚定维护亚洲和平。地区和平稳定不是天上掉下来的，也不是哪个国家的施舍，而是地区国家共同努力的成果。今天，亚洲首倡的和平共处五项原则和“万隆精神”更加具有现实意义。我们要秉持相互尊重、平等互利、和平共处等原则，奉行睦邻友好政策，把命运牢牢掌握在自己手中。第二，积极推动亚洲合作。亚洲国家谚语说，“遇山一起爬，遇沟一起跨”、“甘蔗同穴生，香茅成丛长”。共赢合作是亚洲发展的必由之路。《区域全面经济伙伴关系协定》正式生效，中老铁路建成通车，有效提升了地区硬联通、软联通水平。我们要以此为契机，推动亚洲形成更加开放的大市场，促进亚洲共赢合作迈出新步伐。第三，共同促进亚洲团结。用对话合作取代零和博弈，用开放包容取代封闭排他，用交流互鉴取代唯我独尊，这是亚洲应有的襟怀和气度。我们要巩固东盟在地区架构中的中心地位，维护兼顾各方诉求、包容各方利益的区域秩序。国家无论大小强弱，无论域内域外，都应该为亚洲添彩而不添乱，都要共走和平发展大道，共谋合作共赢大计，共创团结进步的亚洲大家庭。女士们、先生们、朋友们！两个多月前，中国向世界奉献了简约、安全、精彩的北京冬奥会、冬残奥会，为各国人民带来了温暖和希望。下半年，我们将召开中国共产党第二十次全国代表大会，擘画中国未来发展蓝图。中国经济韧性强、潜力足、回旋余地广、长期向好的基本面不会改变，将为世界经济企稳复苏提供强大动能，为各国提供更广阔的市场机会。中国将全面贯彻新发展理念，加快构建新发展格局，着力推动高质量发展。不论世界发生什么样的变化，中国改革开放的信心和意志都不会动摇。中国将扩大高水平对外开放，深入实施外资准入负面清单，扩大鼓励外商投资范围，优化外资促进服务，增设服务业扩大开放综合试点。中国将扎实推进自由贸易试验区、海南自由贸易港建设，对接国际高标准经贸规则，推动制度型开放。中国将全面实施《区域全面经济伙伴关系协定》，推动同更多国家和地区商签高标准自由贸易协定，积极推进加入《全面与进步跨太平洋伙伴关系协定》和《数字经济伙伴关系协定》。中国将坚持高标准、可持续、惠民生的目标，积极推进高质量共建“一带一路”。中国将始终不渝坚持走和平发展道路，始终做世界和平的建设者、全球发展的贡献者、国际秩序的维护者。女士们、先生们、朋友们！中国古人说，日日行，不怕千万里；常常做，不怕千万事。只要我们携手同心、行而不辍，就一定能汇聚起合作共赢的伟力，战胜前进道路上的各种挑战，迎来人类更加光明美好的未来。谢谢大家。,https://www.xuexi.cn/lgpage/detail/index.html?id=485842602315042244&item_id=485842602315042244
8,习近平：促进我国社会保障事业高质量发展、可持续发展,促进我国社会保障事业高质量发展、可持续发展※</strong>习近平</span>今天，中央政治局进行第二十八次集体学习，内容是完善覆盖全民的社会保障体系。安排这次学习，目的是面向“十四五”时期发展目标任务，分析我国社会保障体系建设的现状，研究存在的问题，明确完善的思路，促进我国社会保障事业高质量发展、可持续发展。社会保障是保障和改善民生、维护社会公平、增进人民福祉的基本制度保障，是促进经济社会发展、实现广大人民群众共享改革发展成果的重要制度安排，发挥着民生保障安全网、收入分配调节器、经济运行减震器的作用，是治国安邦的大问题。我们党历来高度重视民生改善和社会保障。早在1922年，党的二大宣言中就提出了设立工厂保险、保护失业工人等改良工人待遇的主张。瑞金时期颁布的《中华苏维埃共和国劳动法》设专章规定了社会保险问题。新中国成立伊始，政务院根据《中国人民政治协商会议共同纲领》中“逐步实行劳动保险制度”的要求，于1951年颁布《中华人民共和国劳动保险条例》。改革开放后，我们把社会保障作为改善人民生活的基础民生工程，稳步推进社会保障体系建设，取得了重大进展。党的十八大以来，党中央把社会保障体系建设摆上更加突出的位置，推动我国社会保障体系建设进入快车道。中央政治局会议、中央政治局常委会会议、中央全面深化改革委员会会议等会议多次研究审议改革和完善基本养老保险制度总体方案、深化医疗保障制度改革意见等，对我国社会保障体系建设作出顶层设计，改革的系统性、整体性、协同性进一步增强。我们统一城乡居民基本养老保险制度，实现机关事业单位和企业养老保险制度并轨，建立企业职工基本养老保险基金中央调剂制度。我们整合城乡居民基本医疗保险制度，全面实施城乡居民大病保险，组建国家医疗保障局。我们推进全民参保计划，降低社会保险费率，划转部分国有资本充实社保基金。我们积极发展养老、托幼、助残等福利事业，人民群众不分城乡、地域、性别、职业，在面对年老、疾病、失业、工伤、残疾、贫困等风险时都有了相应制度保障。目前，我国以社会保险为主体，包括社会救助、社会福利、社会优抚等制度在内，功能完备的社会保障体系基本建成，基本医疗保险覆盖13.6亿人，基本养老保险覆盖近10亿人，是世界上规模最大的社会保障体系。这为人民创造美好生活奠定了坚实基础，为打赢脱贫攻坚战提供了坚强支撑，为如期全面建成小康社会、实现第一个百年奋斗目标提供了有利条件。在充分肯定成绩的同时，我们也要看到，随着我国社会主要矛盾发生变化和城镇化、人口老龄化、就业方式多样化加快发展，我国社会保障体系仍存在不足，主要是：制度整合没有完全到位，制度之间转移衔接不够通畅；部分农民工、灵活就业人员、新业态就业人员等人群没有纳入社会保障，存在“漏保”、“脱保”、“断保”的情况；政府主导并负责管理的基本保障“一枝独大”，而市场主体和社会力量承担的补充保障发育不够；社会保障统筹层次有待提高，平衡地区收支矛盾压力较大；城乡、区域、群体之间待遇差异不尽合理；社会保障公共服务能力同人民群众的需求还存在一定差距；一些地方社保基金存在“穿底”风险。对这些不足，我们必须高度重视并切实加以解决。党的十九届五中全会为我国未来5年乃至15年的发展擘画了蓝图，要求推动全体人民共同富裕取得更为明显的实质性进展。社会保障关乎人民最关心最直接最现实的利益问题，我们要加大再分配力度，强化互助共济功能，把更多人纳入社会保障体系，为广大人民群众提供更可靠更充分的保障，不断满足人民群众多层次多样化需求，完善覆盖全民、统筹城乡、公平统一、可持续的多层次社会保障体系，进一步织密社会保障安全网。第一，建设中国特色社会保障体系。世界各国发展水平、社会条件、文化特征不同，社会保障制度必然多种多样。我们注重学习借鉴国外社会保障有益经验，但不是照抄照搬、简单复制，而是立足国情、积极探索、大胆创新，成功建设了具有鲜明中国特色的社会保障体系。我们坚持发挥中国共产党领导和我国社会主义制度的政治优势，集中力量办大事，推动社会保障事业行稳致远；坚持人民至上，坚持共同富裕，把增进民生福祉、促进社会公平作为发展社会保障事业的根本出发点和落脚点，使改革发展成果更多更公平惠及全体人民；坚持制度引领，围绕全覆盖、保基本、多层次、可持续等目标加强社会保障体系建设；坚持与时俱进，用改革的办法和创新的思维解决发展中的问题，坚决破除体制机制障碍，推动社会保障事业不断前进；坚持实事求是，既尽力而为又量力而行，把提高社会保障水平建立在经济和财力可持续增长的基础之上，不脱离实际、超越阶段。我们要坚持和发展这些成功经验，不断总结，不断前进。第二，科学谋划“十四五”乃至更长时期社会保障事业。党的十九届五中全会明确了“十四五”时期我国社会保障事业发展的蓝图，要逐条逐项深入研究，纳入规划，抓好落实。要坚持系统观念，把握好新发展阶段、新发展理念、新发展格局提出的新要求，在统筹推进“五位一体”总体布局、协调推进“四个全面”战略布局中思考和谋划社会保障事业发展。要树立战略眼光，顺应人民对高品质生活的期待，适应人的全面发展和全体人民共同富裕的进程，不断推动幼有所育、学有所教、劳有所得、病有所医、老有所养、住有所居、弱有所扶取得新进展。要增强风险意识，研判未来5年、15年乃至30年我国人口老龄化、人均预期寿命提升、受教育年限增加、劳动力结构变化等发展趋势，分析社会保障可能面临的新情况新问题，提高工作预见性和主动性，未雨绸缪采取应对措施。要拓展国际视野，关注国外社会保障发展情况，汲取经验教训，既避免像一些拉美国家那样盲目进行“福利赶超”落入“中等收入陷阱”，又避免像一些北欧国家那样实行“泛福利化”导致社会活力不足。什么时候都不能忘记一个道理，经济发展和社会保障是水涨船高的关系，水浅行小舟，水深走大船，违背规律就会搁浅或翻船。第三，深化社会保障制度改革。现在，我国社会保障制度改革已进入系统集成、协同高效的阶段。要准确把握社会保障各个方面之间、社会保障领域和其他相关领域之间改革的联系，提高统筹谋划和协调推进能力，确保各项改革形成整体合力。要强化问题导向，紧盯老百姓在社会保障方面反映强烈的烦心事、操心事、揪心事，紧盯制约社会保障体系建设的硬骨头，不断推进改革。要加快发展多层次、多支柱养老保险体系，健全基本养老、基本医疗保险筹资和待遇调整机制，扩大年金制度覆盖范围，规范发展第三支柱养老保险，积极发展商业医疗保险，更好满足人民群众多样化需求。要推动基本医疗保险、失业保险、工伤保险省级统筹，进一步明确中央与地方事权和支出责任。要把农村社会救助纳入乡村振兴战略统筹谋划，健全农村社会救助制度，完善日常性帮扶措施。要健全农民工、灵活就业人员、新业态就业人员参加社会保险制度，健全退役军人保障制度，健全老年人关爱服务体系，完善帮扶残疾人、孤儿等社会福利制度。2018年以来，我们实施了养老保险中央调剂金制度，仅去年一年，东部发达地区就拿出了1768亿元，拨付给中西部和老工业基地省份，有力缓解了社保基金收支的区域结构性矛盾，确保了养老金按时足额发放。同时，区域不平衡的问题还没有从根本上解决，要加快实现基本养老保险全国统筹。这符合社会保险“大数法则”，也是构建新发展格局的要求。随着人口老龄化加速发展特别是老年人慢性病患病率的提高，加上医疗技术发展，更多疾病从“无药可医”变为“可医可控”，医保支出面临着更大压力。要坚持不懈、协同推进“三医联动”，健全筹资和待遇调整机制，推进国家组织药品和耗材集中带量采购改革，深化医保支付方式改革，完善医药服务价格形成机制，提高医保基金使用效能。近年来，许多人口老龄化程度较高的发达国家和新兴国家都推出了延迟法定退休年龄的改革计划，但实施起来并不太顺利。一些国家在这项改革上经历了波折。我们要合理把握改革方向、节奏、力度，加强舆论引导，最大程度凝聚全社会共识和合力，推动这项改革任务平稳落地。第四，推进社会保障法治化。要从立法、执法、司法、守法各环节加强社会保障工作，在法治轨道上推动社会保障事业健康发展。要加强社会保障立法工作，加快制定或修订社会保险、社会救助、社会福利等方面的相关法律，依法落实各级政府和用人单位、个人、社会的社会保障权利、义务、责任。要依法健全社会保障基金监管体系，防范化解基金运行风险，维护基金安全。要以零容忍态度严厉打击欺诈骗保、套保或挪用贪占各类社会保障资金的违法行为，守护好人民群众的每一分“养老钱”、“保命钱”和每一笔“救助款”、“慈善款”。第五，加强社会保障精细化管理。要完善从中央到省、市、县、乡镇（街道）的五级社会保障管理体系和服务网络，在提高管理精细化程度和服务水平上下更大功夫，提升社会保障治理效能。要适应人口大规模流动、就业快速变动的趋势，完善社会保险关系登记和转移接续的措施，健全社会救助、社会福利对象精准认定机制，实现应保尽保、应助尽助、应享尽享。要完善全国统一的社会保险公共服务平台，充分利用互联网、大数据、云计算等信息技术创新服务模式，深入推进社保经办数字化转型。同时，要坚持传统服务方式和智能化服务创新并行，针对老年人、残疾人等群体的特点，提供更加贴心暖心的社会保障服务。第六，发挥好社会保障在应对疫情影响方面的积极作用。去年以来，面对突如其来的新冠肺炎疫情，社会保障为打赢疫情防控的人民战争、总体战、阻击战和实现决胜全面建成小康社会、决战脱贫攻坚目标任务作出了贡献。当前，全球疫情仍在扩散蔓延，我国“外防输入、内防反弹”任务仍然很重。要发挥好社会保障在助力疫情防控、稳定经济社会发展秩序中的作用。要根据形势好转变化，稳妥退出减免社保缴费等阶段性纾困政策，并同其他政策退出平稳衔接。要总结这次疫情防控的成功做法，完善我国社会保障针对突发重大风险的应急响应机制，既能抵御可以预见的生老病死等各种常规风险，又能应对难以预料的非常规风险。最后，我强调一个问题，就是要坚持制度的统一性和规范性。我国社会保障体系建立之初，我们鼓励各地大胆创新、不断探索。现在，随着我国社会保障体系不断发展，社会保障体系建设要坚持国家顶层设计，做到全国一盘棋。要增强制度的刚性约束，加强对制度运行的管理监督。各地区务必树立大局意识，严肃落实制度改革要求，不得违规出台地方“小政策”。可以允许一定时期内存在区域间社会保障水平上的差异，但不能动摇统一制度的目标，不能自行其是、搞变通。各级党委和政府要深化对社会保障工作重要性的认识，把握规律，统筹协调，抓好党中央决策部署和各项改革方案的贯彻落实，在完善覆盖全民的社会保障体系上不断取得新成效。※这是习近平总书记2021年2月26日在十九届中央政治局第二十八次集体学习时的讲话。,https://www.xuexi.cn/lgpage/detail/index.html?id=11714542867655700816&item_id=11714542867655700816
9,习近平：在北京冬奥会、冬残奥会总结表彰大会上的讲话,新华社北京4月8日电在北京冬奥会、冬残奥会总结表彰大会上的讲话</strong>（2022年4月8日）</strong>习近平</strong>同志们，朋友们：历经7年艰辛努力，北京冬奥会、冬残奥会胜利举办，举国关注，举世瞩目。中国人民同各国人民一道，克服各种困难挑战，再一次共创了一场载入史册的奥运盛会，再一次共享奥林匹克的荣光。事实再次证明，中国人民有意愿、有决心为促进奥林匹克运动发展、促进世界人民团结友谊作出贡献，而且有能力、有热情继续作出新的更大的贡献！北京冬奥会、冬残奥会的成功举办，凝结着各条战线人们的辛勤付出和智慧汗水。北京冬奥组委同北京市、河北省、国家体育总局、中国残联紧密合作，广大冬奥建设者、工作者、志愿者牢记党和人民的重托，满怀为国争光的壮志，在各自岗位上真诚奉献、默默耕耘，涌现出一大批作出突出贡献的先进集体和先进个人。今天，我们在这里隆重集会，总结北京冬奥会、冬残奥会的经验，表彰突出贡献集体和突出贡献个人，弘扬北京冬奥会、冬残奥会筹办举办过程中培育的崇高精神，激励全党全国各族人民为实现第二个百年奋斗目标、实现中华民族伟大复兴的中国梦而努力奋斗！同志们、朋友们！中国人历来言必信、行必果。确保北京冬奥会、冬残奥会如期安全顺利举办，确保“两个奥运”同样精彩，是中国人民向国际社会作出的庄严承诺。7年来，在党中央坚强领导下，各有关部门、各省区市团结协作、攻坚克难，北京携手张家口作为主办城市尽锐出战、全力投入，同国际奥委会、国际残奥委会等国际体育组织紧密合作，克服新冠肺炎疫情等各种困难挑战，向世界奉献了一届简约、安全、精彩的奥运盛会，全面兑现了对国际社会的庄严承诺，北京成为全球首个“双奥之城”。——冬奥赛事精彩纷呈，国际社会积极评价。四场开闭幕式精彩纷呈，人类命运共同体的主题贯穿始终，中华文化和冰雪元素交相辉映，体现了自然之美、人文之美、运动之美，诠释了新时代中国可信、可爱、可敬的形象。三个赛区一流的场馆设施，严谨专业的赛事组织，温馨周到的服务，赢得参赛各方一致好评。赛事吸引了全球数十亿观众观赛，成为收视率最高的一届冬奥会！——爱国情怀充分彰显，汇聚起实现中华民族伟大复兴的强大力量。北京冬奥会、冬残奥会是中国人民爱国热情的激扬展示。海内外中华儿女热情关注、大力支持这场在中国举办的冬奥盛会，纷纷为冬奥健儿加油喝彩、为伟大祖国加油喝彩。赛场上，我国体育健儿不畏强手、顽强拼搏、为国争光，五星红旗高高飘扬，每一位中华儿女都倍感荣光。一位护旗手说：“我站在奥运会的升旗台，心中满满的自豪感，想到祖国如今的繁荣昌盛是多么来之不易，那是一种说不出的骄傲与热爱，泪水就夺眶而出了……”巧妙蕴含中华文化的冬奥场馆，活泼敦厚的“冰墩墩”，喜庆祥和的“雪容融”，扑面而来的中国年味儿，香喷喷的豆包……，“冬奥梦”和“中国梦”精彩交织。饱含圆融和合等中国理念的开闭幕式，构思独到，匠心独运，二十四节气、黄河之水、中国结、迎客松、折柳寄情、雪花主题歌……，听障演员的圆舞曲、手语版国歌、盲童合唱团的歌声、视障运动员的点火……，这些意蕴隽永的场面在人们心中留下了美轮美奂、直击人心的深刻印象，激发了海内外中华儿女万众一心、接续奋斗的昂扬激情！——“三亿人参与冰雪运动”成为现实，人民群众获得感显著增强。北京冬奥会、冬残奥会的筹办举办推动了我国冰雪运动跨越式发展，冰雪运动跨过山海关，走进全国各地，开启了中国乃至全球冰雪运动新时代。筹办以来，我们建设了一大批优质的冰雪场地设施，举办了一系列丰富多彩的群众性冰雪赛事活动，人民群众参与热情持续高涨，参与人数达到3.46亿，冰天雪地成为群众致富、乡村振兴的“金山银山”。冬奥筹办举办全面促进了社会事业发展，残疾人人权得到更好保障，广大群众生活更加丰富多彩！——冬奥遗产成果丰硕，实现成功办奥和区域发展双丰收。北京冬奥会、冬残奥会筹办举办对国家发展特别是京津冀协同发展具有强有力的牵引作用。我们把冬奥筹办举办作为推动京津冀协同发展的重要抓手，区域交通更加便捷，生态环境明显改善，产业联动更加紧密，公共服务更加均衡。“冰丝带”、“雪飞天”、“雪游龙”、“雪如意”等冬奥场馆精彩亮相，成为造福人民的优质资产！——疫情防控精准有效，确保了冬奥安全顺利。在全球新冠肺炎疫情大流行背景下，我们把全部参与者的健康放在第一位，坚持“外防输入、内防反弹”，通过严格实施防控措施，有力保障了各方人员健康。赛时期间，闭环内阳性比例仅为0.45%，所有阳性人员都得到了有效治疗和良好照顾，没有发生聚集性、溢出性疫情，城市防控动态清零。中国的防疫政策再次经受住了考验，为全球抗疫和举办国际重大活动提供了有益经验。有的外国运动员表示：“如果疫情应对也有金牌，中国应该得到一枚。”这枚金牌属于全体办奥人员！——团结合作走向未来，为人类战胜挑战作出了中国贡献。奥林匹克运动承载着人类对和平、团结、进步的美好追求。在世界百年变局加速演进、人类社会遭遇各种挑战的形势下，奥林匹克大家庭成员不远万里来华共襄盛举，团结友好的“朋友圈”、“伙伴群”越扩越大。外国运动员在回国时恋恋不舍地说：“我会在飞机上哭的，我要哽咽了，爱你们。”“我肯定会把生命中最美好的冬奥回忆带回家。”北京冬奥会、冬残奥会的成功举办，促进了不同文明交流互鉴，为推动全球团结合作、共克时艰发挥了重要作用，也为动荡不安的世界带来了信心和希望，向世界发出了“一起向未来”的时代强音！同志们、朋友们！冬奥7年艰辛，奋斗铸就辉煌。北京冬奥会、冬残奥会筹办举办是在异常困难的情况下推进的，全部参与者坚持“一刻也不能停，一步也不能错，一天也误不起”，付出了艰苦卓绝的努力。广大冬奥建设者发扬工匠精神，打造了巧夺天工、世界一流的场馆设施。广大办赛人员严谨专业完成赛事组织工作，为运动员创造了良好比赛条件。广大赛会服务保障人员热情周到服务，工作时间表是迎着星星来、顶着星星走，为参赛各方带去春天般的温暖。广大医疗防疫人员筑起牢不可破的安全屏障，守护了参赛各方健康。广大城市保障人员用心守护城市的每一处角落，用最高标准保障了赛事和城市顺畅运行。广大人民解放军指战员、武警部队官兵、公安干警和消防救援队伍指战员承担急难险重任务，圆满完成了安全保卫等工作。广大文艺工作者、科技工作者、设计工作者、新闻工作者、外事工作者、气象工作者以及其他各条战线上的全体工作人员团结一心、通力合作，坚守各自岗位，默默奉献付出，出色完成了各项任务。广大志愿者用青春和奉献提供了暖心的服务，向世界展示了蓬勃向上的中国青年形象。闭环内数万名工作人员，舍家忘我、坚守数月，展现了感动人心的精神风貌和责任意识。同志们深情地表示：“为了冬奥圆满成功，困难再多也嚼嚼咽了，一切付出与奉献都值得。”祖国和人民为你们的辛勤付出、取得的优异成绩感到自豪！7年来，我国广大运动员、教练员牢记党和人民嘱托，争分夺秒、刻苦训练，在冬奥赛场上敢打敢拼、超越自我，胜利完成各项比赛任务。中国体育代表团首次全项参赛，勇夺冬奥会9枚金牌、15枚奖牌和冬残奥会18枚金牌、61枚奖牌，创造了我国参加冬奥会、冬残奥会的历史最好成绩！我国广大运动员、教练员以实际行动落实拿道德金牌、风格金牌、干净金牌的要求，诠释了奥林匹克精神和中华体育精神，实现了运动成绩和精神文明双丰收，为党和人民赢得了荣誉！广大冬奥会、冬残奥会的参与者们，用辛勤付出、坚强毅力、巨大勇气，以强烈的责任感、使命感、荣誉感，出色完成了各项工作任务，创造了无愧于祖国、无愧于人民、无愧于时代的光辉业绩！在这里，我代表党中央、国务院和中央军委，向受到表彰的突出贡献集体和突出贡献个人，表示热烈的祝贺！向为北京冬奥会、冬残奥会筹办举办作出突出贡献的全体建设者、工作者、志愿者，向广大运动员、教练员，向人民解放军指战员、武警部队官兵、公安干警和消防救援队伍指战员，致以崇高的敬意！向热情支持北京冬奥会、冬残奥会的广大香港同胞、澳门同胞、台湾同胞和海外华侨华人，表示衷心的感谢！在筹办举办过程中，国际奥委会、国际残奥委会以及奥林匹克大家庭、残奥大家庭成员对我们的工作给予了积极帮助，各国政府和人民、国际友好人士给予了大力支持，许多国家领导人、国际组织负责人亲自来华出席有关活动。来自世界各地的体育健儿在赛场上相互尊重、彼此激励、突破极限，在激情的比赛中完美演绎了“更快、更高、更强——更团结”的奥林匹克格言和“勇气、决心、激励、平等”的残奥价值观。北京冬奥会、冬残奥会是一场和平友谊的盛会、一场团结合作的盛会、一场鼓舞世界的盛会！在这里，我谨代表中国政府和14亿多中国人民，向国际奥委会、国际残奥委会以及奥林匹克大家庭、残奥大家庭成员，向世界各国各地区的朋友们，表示衷心的感谢！向在北京冬奥会、冬残奥会上奋勇争先的各国体育健儿们，表示崇高的敬意！同志们、朋友们！成就源于奋斗，胜利来之不易。回顾7年来不平凡的筹办举办历程，我们不仅在奋斗中收获了成功的喜悦，也在奋斗中收获了丰厚的精神财富，收获了弥足珍贵的经验，值得我们倍加珍惜、发扬光大。第一，坚持党的集中统一领导。党中央高度重视北京冬奥会、冬残奥会，成立冬奥会工作领导小组，从国家层面统筹力量、协调推进筹办工作。筹办之初，党中央就明确提出绿色、共享、开放、廉洁的办奥理念。面对严峻复杂的全球疫情，在全面分析国内外形势特别是疫情影响基础上，作出“顺利举办即成功”的科学判断，提出“简约、安全、精彩”的办赛要求。广大党员、干部牢记初心使命，以行动践行了“急难险重任务，我在第一线”的誓言。事实充分证明，中国共产党是我们成就伟业最可靠的主心骨，只要始终不渝坚持党的领导，就一定能够战胜前进道路上的任何艰难险阻，就一定能够办成我们想办的任何事情！第二，坚持集中力量办大事。冬奥筹办是一项复杂的系统工程。在党中央坚强领导下，冬奥会工作领导小组和18个专项工作议事协调机构搭建起冬奥筹办的四梁八柱，北京冬奥组委、北京市、河北省与中央部门、各省区市、人民解放军和武警部队、企业、高校院所等方面紧密合作、全力攻坚，社会各界和人民群众热情参与，共同完成了各阶段筹办任务。在赛时阶段，战略指挥、运行指挥、场馆运行的三级工作体系把各方力量统筹起来，凝聚起强大工作合力。我国社会主义制度非凡的组织动员能力、统筹协调能力、贯彻执行能力，我国坚实的经济实力、科技实力、综合国力，为成功办奥提供了强有力的底气和最坚实的保障！第三，坚持主动防范应对各种风险挑战。在世界百年未有之大变局叠加新冠肺炎世纪疫情背景下举办冬奥会、冬残奥会，面临的风险挑战前所未有。我们坚持底线思维、问题导向，增强忧患意识，把防范化解风险挑战摆在突出位置，把困难估计得更充分一些，把风险思考得更深入一些，下好先手棋，打好主动仗。我们全方位梳理排查各领域、各环节风险点，建立常态化工作机制，不断发现问题，及时研究解决，积极妥善应对，确保了赛事安全顺利举办。第四，坚持办赛和服务人民、促进发展相结合。北京冬奥会、冬残奥会的成功不仅在于赛事的成功，更在于通过筹办举办冬奥会、冬残奥会带动了各方面建设，为经济社会发展带来了深远的积极影响。我们坚持冬奥成果人民共享，通过推广普及冰雪运动带动全民健身走向纵深，通过产业发展助力脱贫攻坚，通过提升公共服务水平改善人民生活品质，让人民身心更健康、就业更充分、生活更美好，实现共同参与、共同尽力、共同享有。一位北京市民说：“我们都是普普通通的老百姓，让普通老百姓展示，是显示中国人站起来了，中国向世界展示中国强大了。”同志们、朋友们！伟大的事业孕育伟大的精神，伟大的精神推进伟大的事业。北京冬奥会、冬残奥会广大参与者珍惜伟大时代赋予的机遇，在冬奥申办、筹办、举办的过程中，共同创造了胸怀大局、自信开放、迎难而上、追求卓越、共创未来的北京冬奥精神。——胸怀大局，就是心系祖国、志存高远，把筹办举办北京冬奥会、冬残奥会作为“国之大者”，以为国争光为己任，以为国建功为光荣，勇于承担使命责任，为了祖国和人民团结一心、奋力拼搏。——自信开放，就是雍容大度、开放包容，坚持中国特色社会主义道路自信、理论自信、制度自信、文化自信，以创造性转化、创新性发展传递深厚文化底蕴，以大道至简彰显悠久文明理念，以热情好客展现中国人民的真诚友善，以文明交流促进世界各国人民相互理解和友谊。——迎难而上，就是苦干实干、坚韧不拔，保持知重负重、直面挑战的昂扬斗志，百折不挠克服困难、战胜风险，为了胜利勇往直前。——追求卓越，就是执着专注、一丝不苟，坚持最高标准、最严要求，精心规划设计，精心雕琢打磨，精心磨合演练，不断突破和创造奇迹。——共创未来，就是协同联动、紧密携手，坚持“一起向未来”和“更团结”相互呼应，面朝中国发展未来，面向人类发展未来，向世界发出携手构建人类命运共同体的热情呼唤。同志们、朋友们！7年磨一剑，砥砺再出发。北京冬奥会、冬残奥会是在全党全国各族人民向第二个百年奋斗目标迈进的关键时期举办的重大标志性活动。我们要积极谋划、接续奋斗，管理好、运用好北京冬奥遗产。北京冬奥会、冬残奥会既有场馆设施等物质遗产，也有文化和人才遗产，这些都是宝贵财富，要充分运用好，让其成为推动发展的新动能，实现冬奥遗产利用效益最大化。要继续推动冰雪运动普及发展，强化战略规划布局，建设利用好冰雪场地设施，发展冰雪产业，丰富群众冰雪赛事活动，把群众冰雪运动热情保持下去。要充分挖掘利用北京冬奥文化资源，坚定文化自信，更加自信从容传播中国声音、讲好中国故事。要弘扬人道主义精神，尊重和保障人权，完善残疾人社会保障制度和关爱服务体系，促进残疾人事业全面发展，支持和鼓励残疾人自强不息，正像一位视障运动员在赛场上所说：“我看不清世界，但我想让世界看到我。”要在全社会广泛弘扬奉献、友爱、互助、进步的志愿精神，更好发挥志愿服务的积极作用，促进社会文明进步。要弘扬奥林匹克精神，发挥奥林匹克促进人类和平发展的重要作用，为人类文明进步贡献更多中国智慧和中国力量。成功筹办举办北京冬奥会、冬残奥会，极大激发了亿万人民的体育热情，极大推动了我国体育事业发展。我们要坚持以增强人民体质、提高全民族身体素质和生活质量为目标，高度重视并充分发挥体育在促进人的全面发展中的重要作用，继续推进体育改革创新，加强体育科技研发，完善全民健身体系，增强广大人民群众特别是青少年体育健身意识，增强我国竞技体育的综合实力和国际竞争力，加快建设体育强国步伐。同志们、朋友们！圆梦冬奥会，一起向未来。让我们更加紧密地团结在党中央周围，发扬北京冬奥精神，以更加坚定的自信、更加坚决的勇气，向着实现第二个百年奋斗目标奋勇前进，向着实现中华民族伟大复兴的中国梦奋勇前进！,https://www.xuexi.cn/lgpage/detail/index.html?id=8091214098991455103&item_id=8091214098991455103
